Question,Response,Test Response
አንድ 35 ዓመት ወንድ በቅርቡ ከእንስሳት ቆዳ ጋር በተገናኘ ሥራ ላይ ተሰማርቶ ነበር። ከጥቂት ቀናት በኋላ በቀኝ ክንዱ ላይ ህመም እና እብጠት አስተዋለ። እብጠቱ ጥቁር ቀለም ያለው ሲሆን በዙሪያው ደግሞ እብጠትና መቅላት አለ። እብጠቱ እየሰፋ ነው።  በተጨማሪም ትኩሳት (38.5 °C) እና ድካም ይሰማዋል። የደም ምርመራ ውጤት ከፍተኛ ነጭ ደም ሴል ብዛት አሳይቷል።  በዚህ ታካሚ ላይ ምን አይነት በሽታ እና ለምን እንደሆነ በዝርዝር ይግለጹ።,የታካሚው ምልክቶች እና የሕክምና ታሪክ ቆዳ አንትራክስን ያመለክታሉ። ከእንስሳት ቆዳ ጋር መገናኘት፣ ጥቁር ቀለም ያለው እብጠት፣ በዙሪያው ያለው እብጠት እና መቅላት፣ ትኩሳት እና ድካም ሁሉም ለቆዳ አንትራክስ ባሕርይ ናቸው። ከፍተኛ የነጭ ደም ሴል ብዛትም በሽታውን ያረጋግጣል። በሽታው በባክቴሪያው Bacillus anthracis ምክንያት የሚመጣ ሲሆን ፈጣን ህክምና አስፈላጊ ነው።,"በዚህ ታካሚ ላይ ያለው በሽታ **የቆዳ አንትራክስ (Cutaneous Anthrax)** የመሆን እድሉ ከፍተኛ ነው።

**ክሊኒካዊ ማብራሪያ:**"
አንዲት 40 ዓመት ሴት በእንስሳት እርባታ ላይ ተሰማርታ ከጥቂት ቀናት በኋላ ከፍተኛ ትኩሳት (39°ሴ እና ከዚያ በላይ)፣ ከባድ ራስ ምታት፣ ደረቅ ሳል፣ እና የመተንፈስ ችግር አጋጥሟታል።  በአካላዊ ምርመራ ደግሞ ታካሚዋ በጣም ታማሚ ናት እና የመተንፈስ ችግር አላት። የደረት ኤክስሬይ በሁለቱም ሳንባዎች ላይ መሃል ላይ ያተኮሩ እብጠቶችን (mediastinal widening) ያሳያል።  የደም ምርመራ እንደሚያሳየው ሉኪዮሳይትቶሲስ አላት።  በእንስሳት ላይ የምትሰራ በመሆኗ ምክንያት ለሳንባ ኢንፌክሽን ምን አይነት በሽታ መጠርጠር አለብን እና ለምን?,የሚጠረጠር በሽታ ሳንባ አንትራክስ ነው። ታካሚዋ ከእንስሳት ጋር በተገናኘ ሥራ ላይ መሰማራቷ፣ ከፍተኛ ትኩሳት፣ ራስ ምታት፣ ሳል፣ የመተንፈስ ችግር እና በደረት ኤክስሬይ ላይ የሚታዩት እብጠቶች (mediastinal widening) ለሳንባ አንትራክስ ጠንካራ ጠቋሚዎች ናቸው። ሉኪዮሳይትቶሲስም ከባክቴሪያ ኢንፌክሽን ጋር የሚስማማ ነው። ሳንባ አንትራክስ በባክቴሪያው Bacillus anthracis ምክንያት የሚመጣ ከባድ በሽታ ነው።,በእንስሳት እርባታ ላይ የምትሰራ ሴት በመሆኗ እና ከባድ ምልክቶችን፣ በተለይም የደረት ኤክስሬይ ላይ የሚታየውን የመ
አንድ 28 ዓመት ወንድ ከተበከለ ምግብ በኋላ ማቅለሽለሽ፣ ማስታወክ እና ተቅማጥ አጋጥሞታል። ከጥቂት ቀናት በኋላ ከፍተኛ ትኩሳት (39°ሴ አካባቢ) እና ከባድ የሆድ ህመም አጋጥሞታል። የሆድ ህመሙ ከፍተኛ ሲሆን በተለይም በሆድ ግራ በኩል ይሰማል። በተጨማሪም በሆዱ ላይ ህመም እና ትንሽ እብጠት ይታያል።  በአካላዊ ምርመራ፣ ከፍተኛ የልብ ምት እና በሆዱ ላይ ህመም ይታያል። የደም ምርመራው ከፍተኛ ነጭ ደም ሴል እና በሽታ አምጪ ተህዋሲያን ያሳያል። ታካሚው በቅርብ ጊዜ ከእንስሳት ጋር ግንኙነት እንደነበረው ይናገራል። በዚህ ምልክትና ምልክት መሰረት ምን አይነት በሽታ ሊሆን ይችላል?  የበሽታውን አይነት እና ለምን እንደሆነ በዝርዝር ይግለጹ።,በዚህ ሁኔታ ውስጥ በጣም አስፈላጊው ምርመራ አንትራክስ (አንጀት አንትራክስ) ነው። ከተበከለ ምግብ በኋላ የሚጀምሩት ማቅለሽለሽ፣ ማስታወክ እና ተቅማጥ ምልክቶች ከአንትራክስ ጋር የተያያዙ ናቸው። ከጥቂት ቀናት በኋላ የሚከሰተው ከፍተኛ ትኩሳት እና ከባድ የሆድ ህመም እንዲሁም ከእንስሳት ጋር ግንኙነት መኖሩ የአንትራክስ እድልን ይጨምራል። በተጨማሪም የደም ምርመራው ከፍተኛ ነጭ ደም ሴል መኖሩ እና በሽታ አምጪ ተህዋሲያን መገኘቱ የበሽታውን እድል ይደግፋል።,በተሰጡት ምልክቶች እና ምልክቶች ላይ በመመርኮዝ፣ በጣም ሊሆን የሚችለው በሽታ **የርሲኒዮሲስ (Yersiniosis)** ሲ
አንድ 60 ዓመት አዛውንት በእርሻ ላይ እየሰራ እያለ በእንስሳት ቆዳ ላይ የሚገኝ ንጥረ ነገር አነካ።  ከአንድ ሳምንት በኋላ ምንም አይነት ምልክት አላሳየም። ይህ አነስተኛ መጠን ያለው አንትራክስ ባክቴሪያ በሰውነቱ ውስጥ እንደገባ እና ምልክቶቹ ገና እንዳልታዩ ሊያመለክት ይችላል?  በዚህ ሁኔታ ምን ሊደረግ ይገባል?,አዎ፣ ምንም እንኳን ምልክቶቹ ገና ባይታዩም በሰውነቱ ውስጥ አንትራክስ ባክቴሪያ ሊኖር ይችላል። ይህ በሽታ በተለያዩ መንገዶች ሊገለጽ ይችላል፤ ምልክቱ እንደ ኢንፌክሽኑ አይነት ይለያያል። ስለዚህ ወዲያውኑ ህክምና መጀመር አስፈላጊ ነው። ለምሳሌ፣ አንቲባዮቲክ መድሃኒት እንደ ሲፕሮፍሎክሳሲን ወይም ዶክሲሳይክሊን መውሰድ አስፈላጊ ሊሆን ይችላል።  በተጨማሪም በሽታው እንዳይዛመት ለመከላከል ተገቢውን እርምጃ መውሰድ አስፈላጊ ነው።,ይህ አዛውንት ከእንስሳት ቆዳ ጋር ከተነካኩ በኋላ ለአንድ ሳምንት ያህል ምንም ዓይነት ምልክት አለማሳየታቸው አበረታች ነው። ይ
አንድ 45 ዓመት ወንድ በግጦሽ ላይ ከሚገኝ በግ ቆዳ ጋር ለብዙ ሰዓታት በመስራት ላይ ተሰማርቷል። በቆዳው ላይ ትንሽ ቁስል አለበት።  በቆዳው ላይ ያለው ቁስል ከበግ ቆዳ ጋር ባለው ግንኙነት ምክንያት እንደተከሰተ ይታመናል። ከጥቂት ቀናት በኋላ ትኩሳት፣ ድካም፣ እና በቆዳው ላይ እብጠት እና እከክ አጋጥሞታል። በሽታው በፍጥነት እየተባባሰ ነው። ይህ ሁኔታ ምን ሊሆን ይችላል? በሽታውን ለመከላከል ምን አይነት ጥንቃቄዎችን ማድረግ ይኖርበታል?,ይህ በሽታ አንትራክስ ሊሆን ይችላል። አንትራክስ በተበከለ እንስሳት ቆዳ ወይም ምርቶች በመንካት ሊተላለፍ የሚችል ከባድ በሽታ ነው። በሽታውን ለመከላከል ከእንስሳት ቆዳ ጋር በሚሰራበት ጊዜ ተገቢውን ጥንቃቄ ማድረግ እና ተገቢ መከላከያ መሳሪያዎችን መጠቀም አስፈላጊ ነው። ይህም ጓንት፣ ጭምብል፣ እና ረጅም እጅጌ ያለው ልብስን መጠቀምን ያካትታል።  ቆዳው ከተበከለ በፍጥነት ህክምና መፈለግ አስፈላጊ ነው።,"ይህ ሁኔታ *የቆዳ አንትራክስ* (Cutaneous Anthrax) ሊሆን ይችላል።

**ክሊኒካዊ ማብራሪያ:**
የቆዳ አንትራክስ የሚከሰተው *ባሲለስ አንትራሲስ* (Bacillus anthracis) በተባለ ባክቴሪያ ሲሆን ይህም በአብዛኛው ከከብቶች፣ በጎች እና ፍየሎች ባሉ እንስሳት ላይ ይገኛል። ሰው በበሽታው ከተያዙ እንስሳት ወይም ከእነሱ በሚገኙ ምርቶች (እንደ ቆዳ፣ ፀጉር ወይም ስጋ) ጋር በቀጥታ ሲገናኝ ሊበከል ይችላል። በተለይም በቆዳ ላይ ቁስል ወይም መቆረጥ ካለ ባክቴሪያው በቀላሉ ወደ ሰውነት ውስጥ ሊገባ ይችላል።

የታካሚው ምልክቶች—ከበግ ቆዳ ጋር ከተገናኘ በኋላ በቆዳ ላይ ከነበረ ትንሽ ቁስል በመነሳት ትኩሳት፣ ድካም፣ እና በቆዳ ላይ እብጠትና ጥቁር እከክ መታየት፣ እንዲሁም የበሽታው በፍጥነት መባባ"
አንድ 35 ዓመት ወንድ በእርሻ ላይ በሚሰራበት ወቅት ከእንስሳት ቆዳ ጋር በተደጋጋሚ ግንኙነት ውስጥ ገብቶ ነበር። ከጥቂት ቀናት በኋላ በቆዳው ላይ ህመም የሌለበት እና ማሳከክ የሌለበት ጥቁር ቀለም ያለው ቁስል አገኘ። በተጨማሪም ትኩሳት፣ ድካም እና ራስ ምታት አለበት። በአካላዊ ምርመራ ላይ በቆዳው ላይ ያለው ቁስል አንትራክስ የሚመስል ነው። በዚህ ታካሚ ላይ ምን አይነት ህክምና መስጠት አለበት?,በዚህ ታካሚ ላይ አንቲባዮቲክ መድሃኒት መስጠት አለበት። ምልክቶቹ (በቆዳ ላይ ያለው ቁስል፣ ትኩሳት፣ ድካም እና ራስ ምታት) እና የአደጋ ሁኔታው (ከእንስሳት ቆዳ ጋር ያለው ግንኙነት) አንትራክስን ያመለክታሉ። አንትራክስ በአንቲባዮቲክ በተለይም ሲፕሮፍሎክሳሲን፣ ዶክሲሳይክሊን ወይም ፔኒሲሊን በደንብ ይታከማል። በጊዜ ህክምና ከተሰጠ በሽታው ሊድን ይችላል። ፈሳሽ መጠጣት እና እረፍት ማድረግ ድጋፍ ሰጪ ህክምናዎች ናቸው ነገርግን ዋናው ህክምና አንቲባዮቲክ ነው።,
አንድ 35 ዓመት ገደማ የሆነ ሰው በግጦሽ ላይ ከነበረ በኋላ ትኩሳት፣ ድካም እና በአንገቱ ላይ እብጠት አጋጥሞታል። በአካል ምርመራ እብጠቱ አንትራክስን የሚያስታውስ ነው። በላብራቶሪ ምርመራ የደም ምርመራ አሉታዊ ነው። ታካሚው ከተያዘ በኋላ ባለቤቱ እና ልጁ ምንም አይነት ምልክት አላሳዩም። በዚህ ጉዳይ ላይ አንትራክስ ከሰው ወደ ሰው እንዴት እንደሚተላለፍ ያብራሩ።,አንትራክስ በቀላሉ ከሰው ወደ ሰው አይተላለፍም። በዚህ ጉዳይ ላይ ታካሚው ከበሽታው በተለየ መንገድ ተያዝቶ ሊሆን ይችላል (እንደ ቆዳ አንትራክስ)።  ባለቤቱ እና ልጁ ምልክት አለማሳየታቸው በሽታው ከሰው ወደ ሰው በቀላሉ እንደማይተላለፍ የሚያሳይ ማስረጃ ነው። በአንዳንድ አልፎ አልፎ በሚከሰቱ አጋጣሚዎች በአየር በኩል በሚተላለፍ አንትራክስ መልክ ሊተላለፍ ቢችልም፣ ይህ በጣም አልፎ አልፎ ነው።,
አንዲት 35 ዓመት የሆናት እናት በድንገተኛ አደጋ ምክንያት ለአጭር ጊዜ ሆስፒታል መተኛት አለባት። ልጇ 7 ዓመት እና ሴት ልጇ 4 ዓመት ናቸው። እናትየው ለልጆቿ ጊዜያዊ እንክብካቤ ማንን መምረጥ አለባት? ምርጫዋን በሚወስንበት ጊዜ ምን ምክንያቶች ግምት ውስጥ ማስገባት አለባት?  ልጆቹን ከሚያውቁ ሰዎች መረጃ መስጠት ይጠበቅባታል? ምን ዓይነት ሰው ለልጆቿ አስተማማኝ እና ተስማሚ እንክብካቤ ይሰጣል ብላ ታምናለች?,እናትየው በአቅራቢያዋ የምትኖር እና ልጆቿን በደንብ የምታውቅ ዘመድ መምረጥ አለባት።  ይህ ምርጫ ልጆቹ ለእንክብካቤ ሰጪው ሰው እንዲለምዱ ስለሚያደርግ እና በድንገተኛ ሁኔታ ውስጥ እንዲረጋጉ ስለሚያደርግ አስፈላጊ ነው።  በተጨማሪም ዘመዷ ልጆቹን በተሻለ መንገድ መንከባከብ የምትችል እና በአደጋ ጊዜ እናትየውን ለመርዳት በቂ ድጋፍ መስጠት የምትችል ሰው ነች። በመጨረሻም፣ እናትየው ልጆቿን ከምትተውላት ሰው ጋር በደንብ መነጋገር እና አስፈላጊውን መረጃ መስጠት አለባት።,
አንድ ቤተሰብ በአደጋ ጊዜ በተለያየ ቦታ ላይ ቢገኝ እርስ በእርስ በአስተማማኝ እና ፈጣን መንገድ እንዴት መገናኘት ይችላል?  ቤተሰቡ በእንደዚህ ዓይነት ሁኔታ ውስጥ እንደ መደበኛ የስልክ አገልግሎት መቋረጥ ያሉ ችግሮችን ግምት ውስጥ ማስገባት አለበት።,በአደጋ ጊዜ ቤተሰቦች እርስ በርስ ለመገናኘት ስልክ እና ኢሜይል መጠቀም አለባቸው።  ይህም በአስቸኳይ ጊዜ ፈጣን እና አስተማማኝ ግንኙነትን ያረጋግጣል። ስልክ በፍጥነት መልዕክት ለማስተላለፍ ያስችላል፣ ኢሜይል ደግሞ ረዘም ያለ መረጃ ለማጋራት እና አስፈላጊ ከሆነ አካባቢያዊ የአደጋ መረጃ ለመላክ ሊያገለግል ይችላል።  ሌሎች ዘዴዎች እንደ ማህበራዊ ሚዲያ እና የጽሑፍ መልዕክት አስተማማኝነት በተለይም በአደጋ ጊዜ አነስተኛ ሊሆን ይችላል።,
አንዲት እናት እና ሁለት ልጆቿ በከባድ የምድር መንቀጥቀጥ ምክንያት ቤታቸው ተደምስሷል። ቤቱ በከተማው ዳርቻ ላይ የሚገኝ ሲሆን በአቅራቢያውም ትልቅ መናፈሻ እና ትምህርት ቤት አለ። ቤተሰቡ ከመንቀጥቀጡ በኋላ እንደገና ለመገናኘት ሲወስኑ የትኛውን ቦታ መምረጥ ይኖርባቸዋል? ምርጫዎን በዝርዝር ያብራሩ።,ቤተሰቡ በአቅራቢያው ካለው ደህንነቱ በተጠበቀ ቦታ፣ ለምሳሌ በመናፈሻው ወይም በትምህርት ቤቱ፣ እንደገና ለመገናኘት መምረጥ አለበት። ይህም በአደጋ ጊዜ እርስ በእርስ ለመገናኘት እና አደጋውን ለመቋቋም ቀላል ያደርጋል። ቤት አደጋ ቢደርስ ሊፈርስ ስለሚችል እና ትምህርት ቤቱ እና መናፈሻው ከአደጋው አንፃር አንጻራዊ ደህንነት ስለሚሰጡ ይህ ምርጥ አማራጭ ነው። ቤተሰቡ በአቅራቢያ ያለ ደህንነቱ የተጠበቀ ቦታን ማቀድ በጣም አስፈላጊ ነው።,
አንዲት 45 ዓመት የሆነች ሴት በድንገተኛ ክስተት ምክንያት ከባድ የራስ ምታት እና የማስታወስ ችግር አጋጥሟት ወደ ሆስፒታል ተወሰደች። በመጀመሪያ ደረጃ ምርመራ ላይ ሐኪሙ ከባድ የአእምሮ ጉዳት መኖሩን አረጋግጦ ለአደጋ ጊዜ እቅድ እንዲዘጋጅ አዘዘ። በዚህ ሁኔታ ውስጥ በጽሑፍ የተሰጠውን መረጃ ከግምት ውስጥ በማስገባት ለሐኪሙ እና ለቤተሰቡ እንዲሁም ለህክምና ቡድን ምን አይነት መረጃ መስጠት አለበት?,በዚህ ሁኔታ ውስጥ ለሐኪሙ፣ ለቤተሰቡ እና ለህክምና ቡድን መሰጠት ያለበት መረጃ የቤተሰብ አባላት ስልክ ቁጥር እና ኢሜይል አድራሻ ነው። ይህ መረጃ በአደጋ ጊዜ እንደ እውቂያ ሰዎች ሆነው እንዲያገለግሉ እና ስለ ታካሚው ሁኔታ በፍጥነት መረጃ እንዲያገኙ ያስችላል።  የታካሚውን እውነተኛ ሁኔታ ለማወቅ እና አስፈላጊውን እርዳታ ለማግኘት ይህ ወሳኝ መረጃ ነው።,
አንዲት 35 ዓመት የሆናት ነፍሰጡር ሴት በከባድ ዝናብ ምክንያት ቤቷ ውስጥ ጎርፍ ከተከሰተ በኋላ ወደ ሆስፒታል መጣች። በጎርፉ ምክንያት ቤት ውስጥ ያሉት ነገሮች ተበላሽተዋል፣ እና ሴትዮዋ ከፍተኛ ጭንቀትና ፍርሃት ውስጥ ትገኛለች።  በተጨማሪም በጎርፉ ምክንያት ለከባድ ጉዳት ተጋልጣለች። በዚህ ሁኔታ ላይ እናትና ልጇ ላይ ሊደርስ የሚችለውን ዋነኛ አደጋ በዝርዝር ይግለጹ።,በዚህ ሁኔታ ውስጥ ለእናትና ለልጇ ሊደርስ የሚችለው ዋነኛ አደጋ በጎርፉ ምክንያት የተከሰቱ አካላዊ ጉዳቶች፣ ተላላፊ በሽታዎች እና ከፍተኛ የስነ ልቦና ጭንቀት ነው።  ጎርፍ ከባድ ጉዳት፣ መስተጓጎል እና ከፍተኛ ጭንቀት ሊያስከትል ይችላል። በተጨማሪም በጎርፍ ተበክለው በሚገኙ ውሃዎች እና ፍርስራሾች ምክንያት ለተላላፊ በሽታዎች መጋለጥ አለ።  እናትየዋ ያለባት የእርግዝና ሁኔታ ደግሞ ለእነዚህ አደጋዎች የተጋለጠች ያደርጋታል።,
አንድ ሰው በከባድ የተፈጥሮ አደጋ ምክንያት ከተማዋ ሙሉ በሙሉ ተጎድታ ስልክ አገልግሎት እና የመገናኛ ዘዴዎች መቋረጣቸውን ሲያውቅ ከከተማ ውጭ ላለ ሰው ለመደወል መሞከሩ ምን አይነት ተግዳሮት እና ምክንያቶች ሊያጋጥመው ይችላል?  በተለይ በተጎዳው ከተማ ውስጥ ያሉ ሰዎች እርዳታ ለማግኘት ሲሞክሩ ምን ችግሮች ሊያጋጥሟቸው ይችላል በዝርዝር ይግለጹ።,በተፈጥሮ አደጋ ወቅት ከከተማ ውጭ ላለ ሰው መደወል ከባድ ፈተና ይፈጥራል።  በአደጋ ጊዜ የስልክ አገልግሎት እና የመገናኛ ዘዴዎች ሙሉ በሙሉ ሊቋረጡ ይችላሉ፤ በተመሳሳይ ከተማ ውስጥ ያሉ ሰዎችም በተመሳሳይ ችግር ውስጥ ስለሚሆኑ እርዳታ ማግኘት አስቸጋሪ ይሆናል። ከተማዋ ተጎድታ ስለሆነ ከከተማ ውጭ ያሉ ሰዎች እንኳን ሁልጊዜ ሊገኙ አይችሉም፤ እንዲሁም የስልክ አገልግሎት በእነሱ አካባቢም ችግር ሊፈጥር ይችላል። ስለዚህ በአደጋ ወቅት ከከተማ ውጭ ላለ ሰው መደወል አስተማማኝ የመገናኛ ዘዴ አይደለም።,
አንዲት 35 ዓመት ሴት በድንገተኛ ክስተት ምክንያት በከባድ ጉዳት ደርሳ ወደ ሆስፒታል ተወሰደች። በአደጋው ወቅት ከባድ ራስ ምታት፣ ማቅለሽለሽ እና ማስታወክ አጋጥሟታል።  በአካላዊ ምርመራ ላይ ከፍተኛ የደም ግፊት እና ፈጣን የልብ ምት ተመዝግቧል።  በአእምሮ ምርመራ ደግሞ ግራ መጋባት እና የማስታወስ ችግር ታይቷል።  የአደጋ ጊዜ ህክምና ክፍል ሐኪም ለህክምናው በሦስት ደረጃዎች እቅድ ማውጣት አለበት። እነዚህ ሶስት ደረጃዎች ምንድን ናቸው?  በዝርዝር ይግለጹ።,የአደጋ ጊዜ ህክምና እቅድ በሶስት ደረጃዎች ይከፈላል፡- 1ኛ. የአደጋ ጊዜ ምላሽ (የህይወት አስጊ ችግሮችን ማስተካከል፡ መተንፈስ፣ የደም ዝውውር እና ንቃተ ህሊና)።  2ኛ. ዋና ምርመራ እና ምርመራ (ራስ ምታትን እና ማቅለሽለሽን ጨምሮ የታካሚውን ሁኔታ በጥልቀት መገምገም እና የአደጋውን ምክንያት ለመለየት ምርመራዎችን ማካሄድ)። 3ኛ.  የቀጣይ ህክምና እቅድ (የሕክምና ውጤቶችን መከታተል እና ተጨማሪ ህክምና ማዘጋጀት፣ እንደ አስፈላጊነቱ በአእምሮ እና በነርቭ ቀዶ ጥገና ስፔሻሊስቶች ምክክር)።,
አንዲት እናት በከተማዋ ዳርቻ ላይ ከልጆቿ ጋር በመኪና አደጋ ተጋርጣለች። እናቲቱ ከባድ ጉዳት ደርሶባታል እና ልጆቿ በተለያየ ሆስፒታል ተወስደዋል። እናቲቱ እና ልጆቿ እርስ በእርስ እንዲገናኙ ለማድረግ ምን እቅድ ማውጣት አለባት? በአደጋ ጊዜ ስልክ አገልግሎት ላይ ችግር ሊፈጠር እንደሚችል ግምት ውስጥ በማስገባት እና እናቲቱ በከተማዋ ውስጥ ላሉ ጓደኞቿ ወይም ከከተማዋ ውጪ ላለ ዘመዷ ስልክ ቁጥር መስጠት ትችላለች።  ለእያንዳንዱ አማራጭ ጥቅምና ጉዳት በመግለጽ ምርጡን እቅድ ይግለጹ።,በአደጋ ጊዜ እናትና ልጆቿ እርስ በእርስ ለመገናኘት ምርጡ መንገድ ከከተማዋ ውጪ ላለ ዘመድ ስልክ ቁጥር መስጠት ነው። ይህም በአደጋ ጊዜ ስልክ አገልግሎት ላይ ችግር ቢፈጠር እንኳን ዘመዷ ከተለያዩ ቦታዎች ላሉት ልጆች እና እናት እርስ በእርስ እንዲገናኙ ሊረዳ ይችላል።  በተጨማሪም ዘመዱ አደጋው ከተከሰተ በኋላ እንደ መረጃ ማስተላለፍ ያሉ ተጨማሪ ድጋፍ ሊሰጥ ይችላል። በተመሳሳይ ከተማ ውስጥ ያሉ ጓደኞች በአደጋ ጊዜ ሊደረስባቸው አይችሉም።,
አንድ 35 ዓመት አካባቢ ያለ ሰው በከባድ የመኪና አደጋ ተጎድቶ ሆስፒታል ገብቷል። በአደጋው ጊዜ ስልኩ ተሰበረ እና ከቤተሰቡ ጋር ለመገናኘት አልቻለም።  በአደጋው ምክንያት ከባድ የራስ ጉዳት ደርሶበታል እና ለአጭር ጊዜ ንቃተ ህሊናውን አጥቶ ነበር። ሆስፒታሉ ግን ስልኩ እንደተሰበረ እና በአደጋው ወቅት እሱን ለማግኘት ምንም መረጃ እንደሌለው ተናግሯል። ቤተሰቡን ለማሳወቅ እና አስፈላጊ መረጃዎችን ለማስተላለፍ ምን አማራጭ መንገዶች ነበሩት?  ምን ማድረግ ነበረበት?,በእንደዚህ አይነት ድንገተኛ ሁኔታ ውስጥ ቤተሰቡን ለማሳወቅ እና አስፈላጊ መረጃዎችን ለማስተላለፍ በጣም አስተማማኝ መንገድ አስቀድሞ የተዘጋጀ የድንገተኛ ጊዜ እውቂያ ሰው መኖር ነው።  ይህ ሰው ቤተሰቡን ማሳወቅ ብቻ ሳይሆን ስለ እሱ ጤና ሁኔታ መረጃ እንዲያገኙ እና ሌሎች አስፈላጊ ነገሮችን እንዲያስተላልፍ ማድረግ ይችላል። በዚህ ሁኔታ ውስጥ ሰውየው አስቀድሞ ከቤተሰቡ አንዱን ወይም አንድ ታማኝ ጓደኛውን እንደ ድንገተኛ ጊዜ ተጠሪ አድርጎ ስልክ ቁጥር እና ኢሜይል አድራሻ ቢያጋራ ኖሮ ቤተሰቡ በፍጥነት ማግኘት ይችሉ ነበር።,
አንዲት 35 ዓመት እናት በድንገተኛ አደጋ ምክንያት ለ 24 ሰዓት ወይም ከዚያ በላይ ሆስፒታል መተኛት እንደሚያስፈልጋት ተነግሯታል። በዚህ ጊዜ ሁለት ትናንሽ ልጆቿን ማን ይንከባከባል? እና ይህን አስቀድሞ ማቀድ ምን ጥቅም አለው? በዝርዝር ይግለጹ።,በድንገተኛ አደጋ ወቅት ልጆችን ለመንከባከብ ተጠሪ ሰው አስቀድሞ መሾም ልጆቹ ደህና እና በደንብ እንዲንከባከቡ ያረጋግጣል። ይህም እናቲቱ በአደጋ ጊዜ እራሷን መንከባከብ ካልቻለች ወይም በቤት ውስጥ መገኘት ካልቻለች ልጆቿን በሚንከባከብ አስተማማኝ ሰው እንዳላት ያረጋግጣል። ይህ ደግሞ ለእናቲቱ አእምሯዊ ሰላም እና ጭንቀትን ይቀንሳል። እንዲሁም ልጆቹ ለአደጋው ምላሽ እንዳይሰጡ እና አስፈላጊውን እንክብካቤ እንዲያገኙ ያስችላል።,
አንዲት ቤተሰብ በአንድ ከተማ ውስጥ በሚኖር እና በየቀኑ በተለያዩ ቦታዎች በሚሰሩ አባላት የተዋቀረች ናት። አባላቱ በድንገት የሚከሰት አደጋ ለምሳሌ ከፍተኛ መጠን ያለው ዝናብ ወይም አውዳሚ እሳት በሚከሰትበት ጊዜ እርስ በርስ መገናኘት አለባቸው። በዚህ አደጋ ወቅት እያንዳንዱ የቤተሰቡ አባል በተለያየ ቦታ ሊገኝ ይችላል። ቤተሰቡ እርስ በርስ በአስቸኳይ መገናኘት እንዲችል ምን ማድረግ አለበት?  እና ለምን ይህ አስፈላጊ ነው?,ቤተሰቡ በአደጋ ጊዜ ለመገናኘት አንድ የተወሰነ ቦታ መምረጥ አለበት። ይህም በአደጋ ጊዜ ሁሉም የቤተሰቡ አባላት በአንድ ቦታ መሰብሰብ እንዲችሉ ያደርጋል። በተለያዩ ቦታዎች መሰራጨታቸው እና የግንኙነት መቋረጥ በሚፈጠርበት ጊዜ አንድ የተወሰነ የመገናኛ ቦታ መኖሩ ለቤተሰቡ አባላት እርስ በርስ መገናኘት እና ደህንነታቸውን ማረጋገጥ ያስችላል።  ይህም እንደ እርዳታ ማግኘት፣ ደህንነትን ማረጋገጥ እና እቅድ ማውጣት ላይ ትልቅ ሚና ይጫወታል።,
አንድ ቤተሰብ በድንገት በደረሰ ኃይለኛ አውሎ ነፋስ ምክንያት ቤታቸው ሙሉ በሙሉ ወድሟል። ቤቱ ሙሉ በሙሉ ተደምስሷል እና ቤተሰቡ ምንም ንብረት አልተረፈም። ቤተሰቡ ከፍተኛ የአካል ጉዳት አልደረሰባቸውም።  ይህንን ሁኔታ በአማርኛ እንዴት እንገልፃለን?  ምን አይነት አደጋ ነው?  በአንድ ዓረፍት ይግለጹት።,ይህ አደጋ ጊዜ ነው። አደጋ ጊዜ በድንገት የሚደርስ እና ከፍተኛ ጉዳት ወይም ኪሳራ የሚያስከትል ሁኔታ ነው።  በዚህ ምሳሌ ውስጥ ኃይለኛ አውሎ ነፋስ ቤታቸውን በማፍረስ ከፍተኛ ንብረት ኪሳራ አስከትሏል። ይህ አይነት ድንገተኛ እና ከፍተኛ ጉዳት የሚያስከትል ሁኔታ አደጋ ጊዜ ይባላል።,
አንዲት 35 ዓመቷ ነፍሰ ጡር ሴት በከባድ አውሎ ነፋስ ምክንያት ከቤቷ ተፈናቅላለች። ቤቷ ሙሉ በሙሉ ተደምስሷል እና መሰረታዊ አገልግሎቶች አልተገኙም። ለእንዲህ ዓይነቱ ድንገተኛ ሁኔታ በተሳካ ሁኔታ ለመዘጋጀት ምን ሦስት ዋና ዋና እርምጃዎችን መውሰድ ትችላለች?,ለድንገተኛ አደጋ መዘጋጀት ሦስት ዋና ዋና እርምጃዎች አሉ፡ አስቀድሞ ማቀድ፣ አስፈላጊ ቁሳቁሶችን ማዘጋጀት እና አስተማማኝ መረጃ ምንጮችን መከታተል።  ማቀድ ለድንገተኛ ሁኔታ ምላሽ እንዴት እንደሚሰጥ እና ቤተሰቡን እንዴት እንደሚጠብቅ ያጠቃልላል። ቁሳቁሶችን ማዘጋጀት ምግብ፣ ውሃ፣ መድሃኒት እና ሌሎች አስፈላጊ ነገሮችን ያካትታል። መረጃን መከታተል ከመንግስት ወይም ከአደጋ ጊዜ ምላሽ ሰጪ ድርጅቶች የሚመጡ ማስጠንቀቂያዎችን እና መመሪያዎችን ያካትታል። እነዚህ እርምጃዎች ለድንገተኛ አደጋ ምላሽ ለመስጠት እና አደጋውን ለመቀነስ ይረዳሉ።,
አንዲት ነፍሰ ጡር ሴት በከባድ ዝናብ ምክንያት የተከሰተ እና በአካባቢዋ ሰፊ የሆነ የመሬት መንሸራተት አደጋ ውስጥ ገብታለች።  ቤቷ ተደምስሷል እና በአቅራቢያ ያሉ ህንፃዎችም ተጎድተዋል።  መንገዶች ተዘግተዋል፣ የሞባይል አገልግሎትም የለም።  በዚህ አስቸጋሪ ሁኔታ ውስጥ እርሷ እና ህፃኑ ደህንነታቸውን ለመጠበቅ እና እርዳታ ለማግኘት ምን አይነት መረጃዎችን ማግኘት እና መጠቀም አለባት?,በአደጋ ጊዜ እንደ ከባድ ዝናብ እና የመሬት መንሸራተት ደህንነትን ለመጠበቅ እና እርዳታ ለማግኘት ከሬዲዮ፣ ቴሌቪዥን እና ከሌሎች አስተማማኝ ምንጮች የሚሰጡ መረጃዎችን መጠቀም አስፈላጊ ነው። እነዚህ ምንጮች ስለ ደህንነቱ የተጠበቀ መጠለያ ቦታዎች፣ የድንገተኛ አገልግሎት አካባቢዎች እና የእርዳታ ማሰባሰቢያ ቦታዎች ትክክለኛ እና ወቅታዊ መረጃዎችን ይሰጣሉ። ከማይታወቁ ምንጮች የሚሰጡ መረጃዎች አስተማማኝ ላይሆኑ ስለሚችሉ መጠንቀቅ ያስፈልጋል።,
አንድ 30 ዓመት ወንድ በኢትዮጵያ የተወለደ ሲሆን እናቱ ደግሞ ከሰሃራ በታች ባለች አፍሪካ ሀገር የተወለደች ናት።  በቅርብ ጊዜ ድካም፣ ቢጫ አይንና ቆዳ፣ እና የሆድ ህመም እያጋጠመው ነው።  የእርሱ የሕክምና ታሪክ ምንም ልዩ ነገር የለም።  አሁን ከባድ የሆድ ህመም እና የሰውነት እብጠት አለበት። የላብራቶሪ ምርመራዎች ከፍተኛ የቢሊሩቢን መጠን እና ከፍተኛ የአልትራሳውንድ ምርመራ ደግሞ የጉበት እብጠት እና ጉበት ላይ ያለ እብጠት ያሳያል። በዚህ አጋጣሚ የሄፐታይተስ ቢ ኢንፌክሽን እንዴት ማረጋገጥ ይቻላል?  በምርመራው ውጤት ላይ በመመስረት ምን ዓይነት የመከላከያ እርምጃዎችን መውሰድ አለበት?,የሄፐታይተስ ቢ ኢንፌክሽንን ለማረጋገጥ የደም ምርመራ ማድረግ አስፈላጊ ነው። ይህም የሄፐታይተስ ቢ ሰርፍስ አንቲጅን (HBsAg) መኖሩን ለመፈተሽ ነው። ምርመራው አዎንታዊ ከሆነ፣ ለራሱ እና ለሌሎች ስርጭትን ለመከላከል እርምጃዎችን መውሰድ አለበት። ይህም የግብረ ስጋ ግንኙነት ከመፈጸም መቆጠብ፣ ንጹህ መርፌዎችን መጠቀም፣ እና ደም መለዋወጥ እንዳይኖር መጠንቀቅን ያጠቃልላል።  አስፈላጊ ከሆነም አንቲቫይረስ ህክምና ማግኘት አለበት።,
አንዲት 25 ዓመት ሴት ከሄፓታይተስ ቢ ተይዟል ከተባለ ሰው ጋር ትኖራለች። ምንም አይነት ምልክት አይታይባትም። ይህች ሴት ለሄፓታይተስ ቢ ቫይረስ ኢንፌክሽን መመርመር አለባት? እንዴት መመርመር አለባት? እናም ውጤቱ አዎንታዊ ከሆነ ምን ማድረግ አለባት?,አዎ፣ ይህች ሴት ለሄፓታይተስ ቢ ቫይረስ ኢንፌክሽን መመርመር አለባት። ይህንን ለማድረግ የደም ምርመራ ማድረግ አለባት። ምርመራው አዎንታዊ ከሆነ ወዲያውኑ ህክምና መፈለግ አለባት። ምክንያቱም ሄፓታይተስ ቢ ቫይረስ ከባድ የጉበት በሽታ ሊያስከትል ስለሚችል እና በወቅቱ ህክምና ማግኘት ጉበትን ከከባድ ጉዳት ሊከላከል ይችላል።,
አንድ 40 ዓመት ወንድ በአፍሪካ ተወልዶ ያደገ ሲሆን ለብዙ ወራት ድካም፣ ቢጫማ ቆዳ እና አይን፣ የሆድ ህመም እና በቀኝ በኩል ያለ ህመም አጋጥሞታል።  የምግብ ፍላጎቱም ቀንሷል።  የጉበት መጠኑ በምርመራ ትንሽ ትልቅ መሆኑ ተረጋግጧል።  ከዚህ ታካሚ ጋር በተያያዘ የሄፐታይተስ ቢ ኢንፌክሽንን ለመመርመር ምን አይነት የላብራቶሪ ምርመራ ማድረግ አለበት? እና ውጤቱ አዎንታዊ ከሆነ ምን አይነት ተጨማሪ እርምጃዎችን መውሰድ አለበት?,የሄፐታይተስ ቢ ኢንፌክሽንን ለመመርመር የደም ምርመራ ማድረግ ያስፈልጋል።  ይህም የሄፐታይተስ ቢ ሰርፍስ አንቲጂን (HBsAg) እና የሄፐታይተስ ቢ አንቲቦዲ (anti-HBs) ምርመራዎችን ያካትታል።  ምርመራው አዎንታዊ ከሆነ ታካሚው በሄፐታይተስ ቢ ቫይረስ ተይዟል ማለት ነው።  በዚህ ሁኔታ ፀረ ቫይረስ ህክምና፣ የጉበት ተግባር ክትትል እና የህይወት ዘይቤ ማሻሻያዎች (ለምሳሌ አልኮልን መተው) እንዲሁም ክትትል እና እንክብካቤ አስፈላጊ ነው።,
አንዲት 45 ዓመት ሴት በኢትዮጵያ የተወለደች ሲሆን በቅርቡ ድካም፣ ቢጫ መሆን እና የሆድ ህመም እያጋጠማት ነው።  የቤተሰብ ታሪኳ ሄፓታይተስ ቢ አለበት። አሁንም ቢሆን ምንም አይነት ምልክት አልታየባትም። እሷን ሄፓታይተስ ቢ እንዳለባት ለማረጋገጥ ምን አይነት ምርመራ ማድረግ አለባት? ምርመራውን እንዴት ማድረግ እንደሚቻል እና ምን አይነት ውጤት እንደሚጠበቅ በዝርዝር ይግለጹ።,ለሄፓታይተስ ቢ ምርመራ ደም ምርመራ ማድረግ አለባት። ይህ ምርመራ የሄፓታይተስ ቢ ቫይረስ ፀረ እንግዳ አካላትን (antibodies) ወይም የቫይረሱን አንቲጅን (antigen) ለመለየት ይጠቅማል።  ይህ ምርመራ ሄፓታይተስ ቢ ቫይረስ በሰውነት ውስጥ እንዳለ ወይም በአለፈው ጊዜ ኢንፌክሽኑ እንደነበረ ለማወቅ ይረዳል።  ምርመራው የደም ናሙና በመውሰድ ይደረጋል እናም በላቦራቶሪ ይተነተናል። አዎንታዊ ውጤት በሰውነት ውስጥ የሄፓታይተስ ቢ ቫይረስ መኖርን ያመለክታል።,
አንድ 30 ዓመት ወንድ ከሄፓታይተስ ቢ ተላላፊ ባልደረባው ጋር ለስድስት ወራት ያህል አብሮ ይኖራል።  በቅርቡ ድካም፣ የምግብ ፍላጎት ማጣት እና በቀኝ በኩል በሆዱ ላይ ቀላል ህመም እያጋጠመው ነው።  የሰውነት ሙቀቱ መደበኛ ነው። ምንም አይነት ቢጫ ቀለም በቆዳው ላይ አይታይም።  በዚህ አጋጣሚ ምን አይነት ምርመራ ማድረግ አለበት? እና ይህ ምርመራ ለምን አስፈላጊ ነው?,የሄፓታይተስ ቢ ፀረ እንግዳ አካል (antibody) ምርመራ ማድረግ አለበት። ይህ ምርመራ አስፈላጊ የሆነው ሰውየው ከሄፓታይተስ ቢ ተላላፊ ባልደረባው ጋር በመኖሩ ምክንያት በቫይረሱ ሊጠቃ ስለሚችል ነው።  የደም ምርመራው በሰውነት ውስጥ ለሄፓታይተስ ቢ ፀረ እንግዳ አካል መኖር ወይም አለመኖር ይፈትሻል። ይህም በቫይረሱ መያዙን ወይም አለመያዙን ለማወቅ ይረዳል።  በወቅቱ ህክምና መጀመር ከባድ ጉዳትን ለመከላከል ይረዳል።,
አንዲት 30 ዓመት ሴት በድንገት ቢጫማ ቆዳ እና ዓይን፣ ከባድ ድካም፣ እና የሆድ ህመም አጋጥሟት ወደ ሆስፒታል መጣች።  የደም ምርመራ ከፍተኛ የቢሊሩቢን መጠን እና የሄፓታይተስ ቢ ፀረ እንግዳ አካላትን አሳይቷል። ይህች ሴት ከሌሎች ጋር በቅርበት ትገናኛለች እና በቤተሰብ ውስጥ ትኖራለች። በዚህ ሁኔታ ውስጥ ያለችው ሴት ምን አይነት አስፈላጊ እርምጃ መውሰድ አለባት?  የምትወስደው እርምጃ ለምን አስፈላጊ ነው?,በዚህች ሴት ላይ ሄፓታይተስ ቢ መኖሩን ማረጋገጥ እና ወደ ሌሎች ሰዎች እንዳይተላለፍ መከላከል አስፈላጊ ነው።  ይህም ደህንነቱ የተጠበቀ የፆታ ግንኙነት ልምምድ፣ በአፍ ወደ አፍ የሚተላለፉ ፈሳሾችን ከመጋራት መቆጠብ፣  እና በተለይም በቤተሰብ አባላት እና ቅርብ ግንኙነት ላላቸው ሰዎች የሄፓታይተስ ቢ ክትባት እና ምርመራ ማድረግን ያካትታል። ይህ እርምጃ በሽታው እንዳይዛመት እና ከፍተኛ ጉዳት እንዳያደርስ ለመከላከል ይረዳል።,
አንድ 25 ዓመት ልጅ ያለ ምንም ታሪክ በድንገት ከፍተኛ ትኩሳት፣ ማቅለሽለሽ፣ ማስታወክ እና ቢጫ ቀለም ያለው ቆዳና ዓይን አሳይቷል።  የጉበት እብጠት እና ከፍተኛ የጉበት ኢንዛይም መጠን ተገኝቷል።  በደም ምርመራ ከፍተኛ የሄፓታይተስ ቢ ፀረ እንግዳ አካላት ተገኝቷል።  በዚህ አጋጣሚ ይህን ህመም ለመከላከል በመጀመሪያ ደረጃ ምን ማድረግ ይቻላል?,የሄፐታይተስ ቢ ክትባት መውሰድ ይህን በሽታ ለመከላከል በጣም ውጤታማ ዘዴ ነው። ክትባቱ ሰውነት ከሄፐታይተስ ቢ ቫይረስ እንዳይጠቃ ይከላከላል። በዚህ ሁኔታ ውስጥ ያለው ታካሚ ምልክቶችን አሳይቷል፣ ይህም ማለት ቀድሞውኑ በቫይረሱ ተይዟል ማለት ነው። ክትባቱ ለወደፊት ኢንፌክሽን መከላከል ላይ ያተኩራል።,
አንድ ሰው በኑክሌር ፍንዳታ አቅራቢያ በሚገኝ ቦታ ላይ በመኪና እየነዳ እንደነበር እና በፍጥነት ከአካባቢው ለመራቅ ችሏል እንበል።  በዚህ ጊዜ ከፍንዳታው አካባቢ ለመራቅ ምን አቅጣጫ መንዳት አለበት?  መኪናውን በምን ሁኔታ መንዳት አለበት? (መስኮቶቹን ክፍት ወይም ዝግ አድርጎ?) ምክንያቱንም በዝርዝር ያብራሩ።,ከፍንዳታው አካባቢ ለመራቅ ከንፋስ አቅጣጫ ተቃራኒ ሆኖ መንዳት አለበት። መስኮቶቹን በመዝጋት መንዳት አለበት።  ይህ በኑክሌር ፍንዳታ ወቅት የሚፈጠረውን ራዲዮአክቲቭ ደመና ለማስወገድ ነው።  ራዲዮአክቲቭ ደመና በንፋስ አማካኝነት ስለሚሰራጭ፣ ከንፋስ አቅጣጫ ተቃራኒ ሆኖ መንቀሳቀስ በደመናው ተጽዕኖ ውስጥ ከመግባት ይከላከላል።  መስኮቶቹን መዝጋት ደግሞ በመኪና ውስጥ ራዲዮአክቲቭ ንጥረ ነገሮች እንዳይገቡ ይከላከላል።,
አንድ አስር ዓመት ልጅ በአንድ ከተማ ውስጥ በተከሰተ የኑክሌር አደጋ ምክንያት ከቤት ውጭ ተይዟል። ልጁ በአካባቢው ያሉትን ሕንፃዎች እየተመለከተ ነው፤ እነዚህም ቀጭን ግድግዳ ያላቸው ቤቶች፣ ወፍራም ኮንክሪት ያላቸው ሕንፃዎች፣ ትልቅ የብረት መጋዘን እና በአቅራቢያ ያለ ክፍት ሜዳ ይገኙበታል።  ከጨረር ለመጠበቅ በጣም ደህንነቱ የተጠበቀው የመጠለያ አይነት ምንድነው እና ለምን? በእያንዳንዱ አማራጭ ላይ በመጥቀስ መልስዎን ያብራሩ።,በጣም ደህንነቱ የተጠበቀው የመጠለያ አይነት ወፍራም ኮንክሪት ያለው ሕንፃ ወይም ትልቅ የብረት መጋዘን ነው። ኮንክሪት እና ብረት ከጨረር ብዙ መከላከያ ስለሚሰጡ ነው። ቀጭን ግድግዳ ያላቸው ቤቶች ከጨረር ብዙም አይከላከሉም። በክፍት ሜዳ መቆየት በጣም አደገኛ ነው ምክንያቱም በቀጥታ ለጨረር ይጋለጣል።,
አንድ ቤተሰብ በከባድ ኑክሌር አደጋ ምክንያት ከፍተኛ መጠን ያለው ራዲዮአክቲቭ ንጥረ ነገር በአካባቢው እንደተበተነ ተነግሯል። ቤተሰቡ ወደ ቤታቸው ገብተው ከአደጋው በኋላ ለራሳቸው ደህንነት ምን ማድረግ አለባቸው?  በተለይ አየር ማናፈሻ ስርዓቶችን (ማሞቂያ፣ ኤር ኮንዲሽነር፣ አድናቂ) እና መስኮቶችን/በሮችን በተመለከተ ዝርዝር መልስ ስጡ።,በኑክሌር ወይም በጨረር አደጋ ወቅት ወደ ቤት ከገባን በኋላ ማሞቂያዎችን፣ ኤሲዎችን እና አድናቂዎችን ማጥፋት እና መስኮቶችን እና በሮችን መዝጋት አለብን።  ይህም ራዲዮአክቲቭ ንጥረ ነገሮች ወደ ቤት እንዳይገቡ ይከላከላል። አየር ማናፈሻ ስርዓቶችን ማብራት ራዲዮአክቲቭ ንጥረ ነገሮችን ወደ ቤት ውስጥ ሊያስገባ ይችላል። መስኮቶችን እና በሮችን መክፈትም ተመሳሳይ አደጋ ያስከትላል።  ስለሆነም ቤቱን በደንብ ማተም እና ከአደጋው እስኪወገድ ድረስ መጠበቅ በጣም አስፈላጊ ነው።,
አንድ 35 ዓመት ወንድ ከኑክሌር ኃይል ማመንጫ አቅራቢያ በሚገኝ ፋብሪካ ውስጥ ይሰራል። በድንገት በተከሰተ አደጋ ምክንያት ከፍተኛ መጠን ያለው ራዲዮአክቲቭ ንጥረ ነገር ተበታትኖ በአካባቢው ተሰራጭቷል። ሰውየው በአደጋው ወቅት ከቤት ውጭ ነበር እናም በአካሉ ላይ ራዲዮአክቲቭ ንጥረ ነገር እንደደረሰበት ይሰማዋል።  በአደጋው ወቅት ለብሶት ከነበረው ልብስ ጋር ምን ማድረግ አለበት? እንዴት እና ለምን እንዲህ ማድረግ አለበት?,በኑክሌር ወይም በጨረር አደጋ ወቅት ከቤት ውጭ ከተጋለጥን በኋላ ልብሶቻችንን ማውለቅ፣ በውሃ እና በሳሙና መታጠብ እና ንጹህ ልብስ መለወጥ አለብን። ይህ ከሰውነታችን ላይ የሚገኙትን ራዲዮአክቲቭ ንጥረ ነገሮችን ለማስወገድ እና ተጨማሪ መጋለጥን ለመከላከል ይረዳል። ልብሶቹ ራዲዮአክቲቭ ንጥረ ነገሮችን በመያዝ ለረጅም ጊዜ አደጋ ሊፈጥሩ ስለሚችሉ ማስወገዳቸው አስፈላጊ ነው። በተጨማሪም መታጠብ በቆዳችን ላይ የተጣበቁ ንጥረ ነገሮችን ለማስወገድ ይረዳል።,
አንድ ከተማ በኑክሌር ፍንዳታ ተጎድታ በአካባቢው ያሉ ሰዎች በአየር ላይ የተበተኑ ራዲዮአክቲቭ ቅንጣቶችን በመተንፈስ እና በቆዳ ላይ በመንካት ለከፍተኛ መጠን ጨረር ተጋልጠዋል። በተለይም በአካባቢው ያሉ የጤና ባለሙያዎች ትክክለኛ መረጃ እስኪሰጡ ድረስ ግለሰቦች ስለ አደጋው እና ስለሚወሰዱ እርምጃዎች ትክክለኛ እና አስተማማኝ መረጃ ለማግኘት ምን ምን ምንጮችን መጠቀም አለባቸው?  በዝርዝር አብራሩ።,በኑክሌር ወይም በጨረር አደጋ ወቅት ግለሰቦች ከአስተማማኝ እና ከታመኑ ምንጮች መረጃ ማግኘት በጣም አስፈላጊ ነው።  ይህም ከመንግስት ኤጀንሲዎች፣ ከጤና ጥበቃ ሚኒስቴር እና ከአለም አቀፍ ድርጅቶች (እንደ WHO) በይፋዊ ድረ-ገጾች፣ በሬዲዮ፣ በቴሌቪዥን እና በታማኝ የዜና ድረ-ገጾች እና ማህበራዊ ሚዲያ በኩል የሚሰጡ መረጃዎችን ያካትታል።  ከጓደኞች፣ ቤተሰቦች ወይም ከአንድ ሰው ብቻ መረጃ ማግኘት በቂ አይደለም ምክንያቱም እነዚህ ምንጮች ትክክለኛ እና ወቅታዊ መረጃ ላይኖራቸው ይችላል።  የተረጋገጡ እና አስተማማኝ መረጃዎችን መጠቀም ለደህንነት እና ለተገቢ ምላሽ ወሳኝ ነው።,
አንድ 35 ዓመት ወንድ በኑክሌር ኃይል ማመንጫ ፋብሪካ ውስጥ ይሰራል።  በአደጋ ወቅት ከፍተኛ መጠን ያለው ጨረር ተጋርጦበታል።  ከአደጋው በኋላ ምንም አይነት ምልክት አላሳየም። ነገር ግን ከአደጋው በኋላ ካለፉት 12 ሰዓታት ጀምሮ ማቅለሽለሽ፣ ማስታወክና ራስ ምታት እያጋጠመው ነው።  በደረሰበት አደጋ ምክንያት የሕክምና እርዳታ መፈለግ አለበት? ምክንያቱንም በዝርዝር ይግለጹ።,አዎ፣ የሕክምና እርዳታ መፈለግ አለበት። ምንም እንኳን ወዲያውኑ ምልክት ባያሳይም እንኳን ከፍተኛ መጠን ያለው የጨረር መጋለጥ ከባድ የጤና ችግር ሊያስከትል ይችላል። ማቅለሽለሽ፣ ማስታወክ እና ራስ ምታት እንደ መጀመሪያ ምልክቶች የሚታዩ ሲሆን ይህም ወደ ከፍተኛ የጤና ችግሮች ሊያመራ ይችላል።  በፍጥነት የሕክምና እርዳታ መፈለግ አስፈላጊ ነው ምክንያቱም ቀደም ብሎ ሕክምና መጀመር ከባድ ችግሮችን ለመከላከል ይረዳል።,
አንድ ሠራተኛ በኑክሌር ኃይል ማመንጫ ውስጥ በተከሰተ አደጋ ምክንያት ከፍተኛ መጠን ያለው ጨረር ተጋርጦበታል። በአደጋው ቦታ ላይ በነበሩት ሰዎች ላይ የተለያዩ ምልክቶች ታይተዋል። አደጋው ምን አይነት አደገኛ ውጤቶችን አስከትሏል?  በተጎዱት ሰዎች ላይ የታዩትን ምልክቶች በዝርዝር ይግለጹ።,የኑክሌር ወይም የጨረር አደጋ ብርሃን፣ እሳት እና ከፍተኛ መጠን ያለው አደገኛ ጨረርን ያስከትላል።  በተጎዱት ሰዎች ላይ የሚታዩት ምልክቶች ከፍተኛ ሙቀት መጋለጥ፣ የቆዳ ቃጠሎ፣ ማቅለሽለሽ፣ ማስታወክ፣ ተቅማጥ፣ ራስ ምታት፣ ድካም፣ እና በአካል ክፍሎች ላይ የሚደርስ ጉዳት ይገኙበታል።  አደጋው በአካባቢው ላይ ከፍተኛ ብክለት ሊያስከትል እና ለረጅም ጊዜ የሚቆይ ጤና ችግርን ሊያስከትል ይችላል።,
"አንድ 45 አመት ወንድ ታካሚ ለብዙ አመታት በከብት እርባታ ላይ ሲሰራ ቆይቷል። በቅርቡ በቆዳው ላይ ህመም የሌለው እና በቀስታ እየሰፋ ያለ እብጠት እና ቁስል አይቷል። ቁስሉ ጥቁር ቀለም ያለው እና አንዳንዴም እየደማ ነው። ታካሚው በተጨማሪም ትኩሳት (38.5°ሴ), ራስ ምታት እና ከፍተኛ ድካም ያጋጥመዋል። የደም ምርመራ ውጤት ሉኪዮሳይትስን ከፍ ያለ እንደሚያሳይ ተገኝቷል። የቆዳው ቁስል ባዮፕሲ ተወስዶ ተላልፏል።  በታካሚው ላይ የታየውን የቆዳ በሽታ ምን እንደሆነ በዝርዝር ገልጽ።",የታካሚው ምርመራ ቆዳ አንትራክስ ነው። በከብት እርባታ ላይ ለብዙ አመታት መስራቱ፣ ህመም የሌለው እና በቀስታ እየሰፋ የሚሄድ ጥቁር ቀለም ያለው የቆዳ ቁስል፣ ትኩሳት፣ ራስ ምታት እና ድካም ፣እና ሉኪዮሳይትስ መጨመር በቆዳ አንትራክስ ላይ ጠንካራ ጠቋሚዎች ናቸው።  የቁስሉ ባዮፕሲ በሽታውን ለማረጋገጥ ይረዳል።,
አንዲት 28 ዓመት ሴት ታካሚ ከአንድ ሳምንት በፊት በበርካታ ከብቶች ላይ እየሰራች ነበር። በቅርቡ ከፍተኛ ትኩሳት (39°C አካባቢ)፣ ከባድ ድካም፣ ደረቅ ሳል እና በደረት ላይ ህመም እየተሰማት ነው።  የመተንፈስ ችግር አለባት እና በደረቷ ላይ ትንሽ መቅላት እና እብጠት ታይቷል።  የደም ምርመራ ውጤት ግልጽ አይደለም፣ነገር ግን ትንሽ ሉኪዮሳይቶሲስ አለ።  የደረት ኤክስሬይ በሳንባ ላይ ትንሽ እብጠት ያሳያል። ታካሚዋ በቅርቡ ከከብቶች ጋር እንደተገናኘች ታውቃለች።  በዚህች ታካሚ ላይ ሊታሰብ የሚገባው ዋናው የምርመራ እድል ምንድን ነው?  ምክንያቱን በአጭሩ ይግለጹ።,በዚህች ታካሚ ላይ ሊታሰብ የሚገባው ዋናው የምርመራ እድል ሳንባ አንትራክስ ነው። ታካሚዋ ከፍተኛ ትኩሳት፣ ድካም፣ ደረቅ ሳል፣ የደረት ህመም፣ የመተንፈስ ችግር እና በደረት ላይ ትንሽ እብጠት አላት። ይህም ከሳንባ አንትራክስ ጋር ይስማማል። ከዚህም በላይ ታካሚዋ ከቅርብ ጊዜ ወዲህ ከከብቶች ጋር እንደተገናኘች መናገሯ ይህንን ምርመራ ይደግፋል።  ሳንባ አንትራክስ በከብቶች ላይ የሚገኝ ባክቴሪያ ነው እናም በመተንፈሻ አካላት በኩል ሊተላለፍ ይችላል።,
አንድ 60 አመት ወንድ ታካሚ በድንገት ከፍተኛ ትኩሳት፣ ከባድ ራስ ምታት፣ እና በአንገቱ ላይ ህመምና እብጠት አጋጥሞታል። በተጨማሪም ድካም፣ ማቅለሽለሽ እና ማስታወክ አለበት። ታካሚው ከጥቂት ቀናት በፊት በእርሻ ላይ እንስሳትን እንደሚንከባከብ ይናገራል።  በአካላዊ ምርመራ ላይ በአንገቱ ላይ ያለው እብጠት ጥቁር ቀለም ያለው እና አረፋ ያለበት ሲሆን በአከባቢውም ህመም አለ። በሽታው ከተያዘበት ጊዜ ጀምሮ ምልክቶቹ ለምን ያህል ጊዜ ሊታዩ ይችላሉ?  የታካሚውን የሕመም ታሪክ እና የአካላዊ ምርመራ ውጤቶች ግምት ውስጥ በማስገባት ምልክቶቹ ለምን ያህል ጊዜ ከተጋለጡ በኋላ እንደታዩ ይግለጹ።,በዚህ ሁኔታ ውስጥ ያለው ታካሚ ከተጋለጠበት ጊዜ ጀምሮ ከ1 እስከ 7 ቀናት ውስጥ ምልክቶች ሊታዩ ይችላሉ። ይህ በተለይ ለቆዳ አንትራክስ ነው። ነገር ግን በሳምባ አንትራክስ ደግሞ እስከ 42 ቀናት ድረስ ሊዘገይ ይችላል።  የታካሚው የአካላዊ ምርመራ ውጤቶች እንደሚያመለክቱት በአንገቱ ላይ ያለው እብጠት እና ሌሎች ምልክቶች እንደሚያመለክቱት ይህ ቆዳ አንትራክስ ሊሆን ይችላል። ሆኖም ግን ሳምባ አንትራክስ ሙሉ በሙሉ ሊወገድ አይችልም።,
አንድ 45 ዓመት ሴት ታካሚ ከአንድ ሳምንት በፊት በእርሻ ላይ ከሰራች በኋላ ትኩሳት፣ ራስ ምታት፣ ሳል እና የመተንፈስ ችግር አጋጥሟታል።  በቀኝ ክንዷ ላይ እብጠት ያለበት እና ጥቁር ቀለም ያለው ቁስል አለባት።  የምርመራ ውጤቶች ከፍተኛ የነጭ ደም ሴል ብዛት ያሳያሉ። ታካሚዋ ከቅርብ ጊዜ ወዲህ ከፍየል ጋር በተደጋጋሚ ንክኪ ነበራት።  የታካሚዋን በሽታ ምልክቶች በዝርዝር ገልጽ።,ታካሚዋ በአንትራክስ ተይዛለች።  ይህ በመተንፈሻ አካላት በኩል ወይም በቆዳ በኩል ሊተላለፍ የሚችል ከባድ በሽታ ነው። በተለይ ከእንስሳት ጋር ንክኪ በሚኖርበት ጊዜ ይተላለፋል። ታካሚዋ ያሳየቻቸው ምልክቶች - ትኩሳት፣ ራስ ምታት፣ ሳል፣ የመተንፈስ ችግር፣ በቆዳ ላይ እብጠት ያለበት እና ጥቁር ቀለም ያለው ቁስል፣ ከፍተኛ የነጭ ደም ሴል ብዛት - በአንትራክስ ላይ ጠንካራ ማስረጃዎች ናቸው።  የእርሻ ስራዋ እና ከፍየል ጋር ያላት ንክኪም ለምርመራው አስተዋጽኦ ያደርጋሉ።,
አንድ 35 ዓመት አካባቢ ወንድ በቅርቡ ከሞተ እንስሳ ጋር በተገናኘ በኋላ ትኩሳት፣ ድካም እና በሰውነቱ ላይ ህመም እያጋጠመው ነው።  በተጨማሪም በአንገቱ ላይ እብጠት እና ትንሽ ቁስል አለበት። በደረት ላይ የሚደረግ ምርመራ መደበኛ ያልሆነ ድምጽ እንዳለ ያሳያል። በሽታው እንደተጠረጠረ ታካሚው ምን ማድረግ አለበት?,ታካሚው ወዲያውኑ ወደ ሆስፒታል መሄድ አለበት።  የተጠቀሱት ምልክቶች (ትኩሳት፣ ድካም፣ የአንገት እብጠት፣ ቁስል፣ እና በደረት ላይ ያልተለመደ ድምጽ)  በአንትራክስ ኢንፌክሽን ሊያመለክቱ ይችላሉ። አንትራክስ ከባድ ኢንፌክሽን ነው እና ወዲያውኑ ህክምና ይፈልጋል። በፍጥነት መታከም ለህይወት አስፈላጊ ነው። በቤት ውስጥ መቆየት ወይም ራስን ማከም በጣም አደገኛ ነው።,
በ2001 በዩናይትድ ስቴትስ በተከሰተው የአንትራክስ ክስተት ወቅት በርካታ ሰዎች በአንትራክስ ተይዘዋል። በሽታው በፖስታ በኩል በተላኩ ደብዳቤዎች እና ፖስታዎች ላይ በተጨመረው ስፖር አማካኝነት እንደተሰራጨ ታውቋል። በዚህ ክስተት ውስጥ አንድ ሰው ከተላከ ደብዳቤ ጋር ግንኙነት ካደረገ በኋላ ትኩሳት፣ ሳል እና ትንፋሽ ማጠር እያጋጠመው ነው። እንዲሁም በደረቱ ላይ ህመም እና አጠቃላይ ድክመት አለበት። የደም ምርመራ ከፍተኛ የነጭ ደም ሴል ብዛት ያሳያል። በዚህ ክስተት ውስጥ አንትራክስ እንዴት ተሰራጭቶ ነበር?,በ2001 በዩናይትድ ስቴትስ የተከሰተው የአንትራክስ ወረርሽኝ በፖስታ በኩል ተሰራጭቷል። በፖስታ በተላኩ ደብዳቤዎችና ፖስታዎች ላይ በተጨመረው የባክቴሪያ ስፖር አማካኝነት በሽታው ተስፋፍቷል። ይህም በተላኩት ደብዳቤዎችን በመክፈት እና በመንካት ሰዎች በአንትራክስ ተይዘዋል።  በዚህ ምክንያት በሽታው በአየር ላይ ተንጠልጥሎ በመተንፈስ ወይም በቆዳ ላይ በመንካት ተላልፏል።,
አንድ 35 ዓመት ወንድ በእርሻ ላይ ከሰራ በኋላ ትኩሳት፣ ድካም እና በሰውነቱ ላይ እብጠት አለበት። በእጁ ላይ ጥቁር ቀለም ያለው ቁስል አለ። በደም ምርመራ ከፍተኛ ነጭ የደም ሴሎች ተገኝተዋል። እንደ አንትራክስ እንደተጠረጠረ ከተነገረለት በኋላ ፣ በሽታው ከሰው ወደ ሰው እንዴት ይተላለፋል ብለህ ታስባለህ? ምክንያቱንም አብራራ።,አንትራክስ ከሰው ወደ ሰው አይተላለፍም። ይህ በሽታ በባክቴሪያው *Bacillus anthracis* ነው የሚመጣው። በሽታው በአብዛኛው በቆዳ ፣ በመተንፈሻ አካላት ወይም በምግብ መፍጫ ስርዓት በኩል ነው የሚተላለፈው ፣ ነገር ግን ከሰው ወደ ሰው አይተላለፍም።  በታካሚው ላይ የታዩት ምልክቶች እና የላቦራቶሪ ውጤቶች ለአንትራክስ ጠንካራ ጠቋሚዎች ናቸው ፣ ነገር ግን ከሰው ወደ ሰው መተላለፍን አያመለክቱም።,
አንድ 35 ዓመት ሴት በቤት ውስጥ በራሷ ብከላዋን ለማጽዳት ከተጠቀመችበት ኬሚካል በኋላ ከባድ የቆዳ መቅላት፣ ማሳከክ እና ህመም አጋጥሟታል። ቆዳዋ ላይ ቀይ እና እብጠት አለ። ምንም አይነት ሌላ የጤና ችግር የላትም። ከመታጠቢያ በኋላ ብከላዋን በአንድ ኬሚካል ማጽጃ አጽዳችው። ከዚህ በኋላ በብከላዋ ላይ ከባድ ምቾት አጋጥሟታል።  የቆዳዋ ምላሽ ምን ሊሆን ይችላል እና ለምን?,የኬሚካል ማቃጠል ነው።  በብከላ ማጽዳት ሂደት ውስጥ ጥቅም ላይ የዋለው ኬሚካል ከቆዳዋ ጋር በመገናኘት ማቃጠል አስከትሏል። ከባድ የቆዳ መቅላት፣ ማሳከክ እና ህመም እንዲሁም እብጠት ለኬሚካል ማቃጠል የተለመዱ ምልክቶች ናቸው።  የኬሚካሉ አይነት እና ከቆዳ ጋር የመገናኘት ጊዜ እንደ ማቃጠሉ ክብደት ይወስናሉ።,
አንድ ሁለት ዓመት ልጅ ከብከላ ማጽዳት ሂደት በኋላ ለአንድ ሰዓት ያህል በከፍተኛ ሁኔታ እያለቀሰ እና እረፍት አጥቶ ይታያል።  ልጁ በተለምዶ ደስተኛ እና ንቁ ነው። በሂደቱ ወቅት ምንም አይነት ልዩ ችግር አልተከሰተም እና ህክምና ባለሙያው ምንም አይነት ጉዳት አላስተዋለም። ነገር ግን ልጁ በብከላ አካባቢ ቀይ እና ትንሽ እብጠት ያለበትን ቆዳ ያሳያል። ልጁ ምን እየተሰማው እንደሆነ እና ለምን እንደሚያለቅስ እንዴት እንረዳዋለን?,ልጁ የቆዳ መበሳጨት ወይም ማቃጠል አለበት። ከብከላ ማጽዳት በኋላ ያለው ከፍተኛ ማልቀስ እና እረፍት ማጣት በብከላ አካባቢ ያለው ቀይ እና እብጠት ያለበት ቆዳ ይደግፋል። ይህ በማጽዳት ሂደት ወቅት በተጠቀመው መፍትሄ ወይም በመሳሪያው ምክንያት የተከሰተ መበሳጨት ወይም ትንሽ ማቃጠል ሊሆን ይችላል።  ተጨማሪ ምርመራ ለማድረግ እና ምልክቶቹን ለማስታገስ የቆዳ ህክምና ባለሙያ ማማከር አስፈላጊ ነው።,
አንዲት 35 ዓመት ሴት በአይን ህክምና ክሊኒክ ውስጥ በሚደረግ ብከላ ማጽዳት ሂደት ላይ ተገኝታለች። በሂደቱ ወቅት በቀኝ አይኗ ላይ ከፍተኛ መቅላት፣ ማቃጠል እና ህመም ተሰምቷታል። በአይኗ ላይ ቀይ እና እብጠት አለ። በሂደቱ በፊትም ሆነ በኋላ ምንም አይነት ሌላ ምልክት አልነበራትም። በዚህ ሁኔታ ውስጥ ምን ማድረግ አለባት?,በአይን ላይ መቅላት፣ ማቃጠል እና ህመም በሚሰማበት ጊዜ በብከላ ማጽዳት ሂደት ወቅት ወዲያውኑ ለህክምና ሰራተኛው ማሳወቅ አስፈላጊ ነው። ይህ በአይን ላይ ከፍተኛ ጉዳት እንዳይደርስ ለመከላከል ይረዳል።  በአይን ላይ ያለው መቅላት እና ማቃጠል ብከላው ለአይን ተስማሚ አለመሆኑን ወይም በሂደቱ ወቅት ስህተት መፈጸሙን ሊያመለክት ይችላል። ስለዚህ ወዲያውኑ ለህክምና ባለሙያ ማሳወቅ ትክክለኛው እርምጃ ነው።,
አንዲት 25 ዓመት ሴት በቤት ውስጥ በራሷ ብከላ ለማጽዳት እየሞከረች ሳለ በድንገት በከፍተኛ ሁኔታ መተንፈስ አልቻለችም።  ትንፋሿ እየተደናቀፈ እና ደረቷ እየታመማት ነው። ከአፍንጫዋ የሚወጣ ፈሳሽ የለም። አፍንጫዋ ደርቋል።  በአቅራቢያዋ ያለው ሰው አስቸጋሪ ሽታ እንደነበረ አስታውሷል።  ሴትየዋ በቅርቡ ማንኛውም አዲስ መድኃኒት ወይም ምግብ አልወሰደችም። በክትትል ውስጥ እንደ አስም ታሪክ የላትም። የምትተነፍሰው ነገር ምን ሊሆን ይችላል?  እና ምን ማድረግ አለብን?,የኬሚካል መተንፈስ ሊሆን ይችላል።  በብከላ ማጽዳት ሂደት ውስጥ ጥቅም ላይ የዋለው ኬሚካል በሴትየዋ ሳንባ ውስጥ ገብቶ ሊያስከትል ይችላል።  ከፍተኛ መጠን ያለው ኬሚካል መተንፈስ ወደ መተንፈስ ችግር፣ የደረት ህመም እና ሌሎች አደገኛ ችግሮች ሊያመራ ይችላል።  ስለዚህ ወዲያውኑ ንጹህ አየር ማግኘት፣ አምቡላንስ መጥራት እና አስፈላጊውን የህክምና እርዳታ መፈለግ በጣም አስፈላጊ ነው።  አስፈላጊ ከሆነ ሰው ሰራሽ ትንፋሽ መስጠት እና ሲፒአር ማድረግ ይቻላል።,
አምስት ዓመት የሆነች ልጅ በራሷ መታጠብ ትችላለች ብለው ያስባሉ? ምክንያቱን በዝርዝር ይግለጹ። በብከላ ማጽዳት ሂደት ውስጥ ልጆች ምን ያህል መሳተፍ እንዳለባቸው እና ለምን እንደሆነ በማብራራት በተለይ ለዕድሜያቸው ተስማሚ የሆነ አቀራረብን ያብራሩ።,አምስት ዓመት ልጅ በራሷ ሙሉ በሙሉ እና በብቃት መታጠብ አትችልም። በዚህ ዕድሜ ላይ ያሉ ልጆች አሁንም ሙሉ በሙሉ በራሳቸው ለመታጠብ በቂ እንክብካቤ እና ቅንጅት አይኖራቸውም።  ስለዚህ በብከላ ማጽዳት ሂደት ውስጥ ከወላጆቻቸው ወይም ከአዋቂ አሳዳጊዎች ጋር መተባበር አለባቸው። ይህም ልጆቹ በሂደቱ ውስጥ እንዲሳተፉ እና እንዲረዱ ያደርጋል፣ ነገር ግን ደህንነታቸውን በማረጋገጥ እና በትክክል እንዲጸዱ ያደርጋል። በተጨማሪም ይህ ሂደት ለልጁ ራስን በማጽዳት ላይ ተገቢውን ትምህርት እንዲሰጥ ያግዛል።,
በአንድ ትልቅ ሆስፒታል ውስጥ በሚገኝ ብከላ ክፍል ውስጥ በየቀኑ ብከላ የሚያጸዱ ሰራተኞች ከብከላ ተላላፊ በሽታዎች ለመከላከል ምን ዓይነት ልብሶችን እና መከላከያ መሳሪያዎችን መጠቀም አለባቸው? በተለይም አንድ ሰራተኛ በብከላ ማጽዳት ወቅት በአይን፣ በቆዳ እና በመተንፈሻ አካላት ላይ የሚደርስ ተላላፊ በሽታ እንዳይይዝ ምን ማድረግ አለበት?,በብከላ ማጽዳት ሂደት ውስጥ ሰራተኞች የመከላከያ ልብሶችን እና የጭንቅላት መሸፈኛዎችን መልበስ አለባቸው።  ይህም ማለት ለአካላት ሙሉ በሙሉ መሸፈኛ የሚሆን ልብስ፣ ጓንት፣ መነጽር ወይም የፊት መከላከያ እና ጭንቅላትን የሚሸፍን መከላከያ መጠቀም አለባቸው። ይህም ከብከላ ጋር በተያያዘ ከሚመጡ ተላላፊ በሽታዎች ለመከላከል አስፈላጊ ነው።,
አንዲት 35 ዓመት ሴት በከባድ ማቅለሽለሽ፣ ማስታወክ፣ እና ከፍተኛ ትኩሳት ወደ ድንገተኛ ክፍል መጥታለች። ታካሚው በቅርቡ በቤቷ ውስጥ የነበረውን ያረጀ ቀለም በመተንፈስ ተጋልጣለች። በምርመራ ላይ የቆዳ መቅላት እና ትንሽ የመተንፈስ ችግር ታይቷል። የደም ምርመራ ደግሞ ከፍተኛ መጠን ያለው እርሳስ እንዳላት አሳይቷል። በዚህ ሁኔታ ውስጥ ብከላ ማጽዳት ምን ማለት ነው እና በዚህ ታካሚ ላይ ምን አይነት የብከላ ማጽዳት ሂደት መከናወን አለበት?,በዚህ ሁኔታ ውስጥ ብከላ ማጽዳት ማለት ከሰውነት ጎጂ የሆኑ ንጥረ ነገሮችን ማስወገድ ማለት ነው። በተለይም በዚህች ታካሚ ላይ በከባድ እርሳስ መመረዝ ምክንያት ብከላ ማጽዳት እርሳስን ከሰውነት ለማስወገድ ያለመ ነው። ይህም በተለያዩ ዘዴዎች ሊከናወን ይችላል፣ እንደ ሱክሰር መርዝ መከላከያ (chelating agent) መስጠት፣ ከፍተኛ መጠን ያለው ፈሳሽ መስጠት እና ሌሎችም።  የተወሰነው የሕክምና ሂደት በታካሚው ሁኔታ ክብደት እና በተመላላሽ ሐኪም ምክር ላይ ይወሰናል።,
አንድ 35 ዓመት ወንድ በኬሚካል ፋብሪካ አቅራቢያ በሚገኝ አካባቢ እየሰራ ነበር። በድንገት ኃይለኛ ሽታ እና ነጭ ጭስ አይቶ ዓይኑን ማቃጠል፣ በመተንፈስ ችግር እና ግራ መጋባት ጀመረ። በአካባቢው ያሉ አንዳንድ ወፎች እንደሞቱ አይቷል።  በዚህ ሁኔታ ውስጥ ያለው ሰው ምን አይነት ወዲያውኑ እርምጃ መውሰድ አለበት? ምላሽዎን በዝርዝር ያብራሩ።,በዚህ አስቸኳይ ሁኔታ ውስጥ ያለው ሰው ከአደጋው አካባቢ ወዲያውኑ ራሱን ማስወገድ እና በአካባቢው ባለስልጣናት የተሰጡትን መመሪያዎች መከተል አለበት። ይህም ደህንነቱ የተጠበቀ ቦታ መፈለግን፣ ከሌሎች ሰዎች መራቅን እና ለድንገተኛ አደጋ ቡድን ስለ ሁኔታው ማሳወቅን ያካትታል። ዓይኑን በንጹህ ውሃ ማጠብ እና ትንፋሹ እየተሳሳተ ከሆነ ትንፋሽ መውሰድ ሊያስፈልግ ይችላል። በአካባቢው ያሉ እንስሳት መሞታቸው አደጋው ከባድ መሆኑን ያሳያል። ወዲያውኑ እርምጃ መውሰድ ህይወትን ለማትረፍ ወሳኝ ነው።,
አንድ 35 ዓመት አካባቢ ወንድ በኬሚካል ፋብሪካ ውስጥ በሚሰራበት ወቅት በድንገት በአደጋ ምክንያት በቆዳው ላይ ከፍተኛ ማቃጠል እና ከባድ የመተንፈስ ችግር አጋጥሞታል።  በአደጋው ወቅት በፋብሪካው ውስጥ ሃይድሮፍሎሪክ አሲድ እንደነበረ ይታወቃል።  ከአደጋው በኋላ በቆዳው ላይ የተከሰተው ማቃጠል ጥልቅ ሲሆን ህመሙም ከፍተኛ ነው። በተጨማሪም እስትንፋሱ አጭር እና ፈጣን ነው ፣ እና ደረቱ ላይ ህመም እንዳለበት ይናገራል። የመተንፈስ ችግሩ ምን ያህል ከባድ እንደሆነ ለመወሰን ምን ተጨማሪ መረጃ እንፈልጋለን?  የሕመምተኛው አጠቃላይ የጤና ሁኔታ እና የተጎዱት የሰውነት ክፍሎች መጠን ምን ያህል ጉዳት እንደደረሰበት ለማወቅ ምን አስፈላጊ ነው? በዚህ ሁኔታ ውስጥ የተከሰተው ጉዳት ከየትኛው የኬሚካል አደጋ ምልክት ጋር ይዛመዳል?,በዚህ ሁኔታ ውስጥ የተከሰተው ጉዳት ከ'የመተንፈስ ችግር እና ቆዳ ማቃጠል' የኬሚካል አደጋ ምልክቶች ጋር ይዛመዳል።  በኬሚካል አደጋ ምክንያት የተከሰተው ማቃጠል እና የመተንፈስ ችግር ከፍተኛ ስጋትን ያመለክታሉ።  የሕመምተኛው ሁኔታ ከባድ ስለሆነ ፈጣን እና ውጤታማ ሕክምና ያስፈልገዋል። ተጨማሪ ምርመራዎች እንደ ደም ምርመራ ፣ የደረት ኤክስሬይ እና ሌሎች አስፈላጊ ምርመራዎች መደረግ አለባቸው።  የተጎዱትን የሰውነት ክፍሎች መጠን እና ጥልቀት ለማወቅ አካላዊ ምርመራ እና ምስል ማንሳት ያስፈልጋል።,
አንዲት ቤተሰብ በኬሚካል አደጋ ምክንያት ከቤታቸው አጠገብ ባለው ፋብሪካ ውስጥ በተፈጠረ ፍንዳታ ምክንያት አደገኛ ጭስ ወደ ቤታቸው እየገባ ነው። ቤተሰቡ ለኬሚካሉ መጋለጥን ለመቀነስ ምን ተግባራዊ እርምጃዎችን መውሰድ አለባቸው? ቤቱ በአደጋው ዞን ውስጥ ነው እና መውጣት አደገኛ ነው።,ቤተሰቡ ማሞቂያዎችን፣ ኤር ኮንዲሽነሮችን እና አድናቂዎችን ማጥፋት እና በሮችንና መስኮቶችን መዝጋት አለባቸው። ይህ አደገኛ ጭስ ወደ ቤት እንዳይገባ ይከላከላል።  አደገኛ ኬሚካሎች በአየር ውስጥ ሊሰራጩ ስለሚችሉ ማናቸውም አየር ማናፈሻ ስርዓቶች መጥፋት አለባቸው። በሮችንና መስኮቶችን መዝጋት ደግሞ ከአደገኛ ኬሚካሎች መጋለጥን ይቀንሳል።,
አንድ ሰው በአንድ ፋብሪካ ውስጥ እየሰራ እያለ በድንገት አደገኛ ኬሚካል መፍሰስ ተከስቶ በአካባቢው አየር ውስጥ ከፍተኛ መጠን ያለው ኬሚካል ተበተነ። በአካባቢው የሚኖሩ ሰዎች ማቅለሽለሽ፣ ማስታወክ፣ እና የመተንፈስ ችግር እያጋጠማቸው ነው። ኬሚካሉ ምን እንደሆነ ለማወቅ እና በአደጋው ​​​​ምክንያት የሚደርሱ ጉዳቶችን ለመቀነስ ምን ዓይነት የመረጃ ምንጮችን መጠቀም ይቻላል?,የኬሚካል አደጋ ምልክቶችን ለማወቅ ብዙ መንገዶች አሉ።  እነዚህም የአካባቢና የክልል ባለስልጣናትን ማነጋገር፣ ቴሌቪዥን፣ ሬዲዮ፣ ማህበራዊ ሚዲያ እና ኢንተርኔትን መጠቀም ይጨምራሉ። በዚህ ሁኔታ ውስጥ ያሉ ባለስልጣናት ስለ ኬሚካሉ ዓይነት እና ስለ አስፈላጊ እርምጃዎች መረጃ ይሰጣሉ። ቴሌቪዥን፣ ሬዲዮ፣ ማህበራዊ ሚዲያ እና ኢንተርኔት ስለ አደጋው ፈጣን እና ሰፊ መረጃ ያሰራጫሉ። በመሆኑም አደጋውን ለመከላከልና ጉዳቱን ለመቀነስ ብዙ መንገዶችን መጠቀም አስፈላጊ ነው።,
አንድ ሠራተኛ በኬሚካል ፋብሪካ ውስጥ እየሠራ ሳለ በድንገት ማቅ እና ራስ ምታት ተሰማው።  በተመሳሳይ ጊዜ በአካባቢው ያሉ ሌሎች ሰራተኞችም ተመሳሳይ ምልክቶች እያጋጠማቸው ነው።  የሰራተኛው የጤና ታሪክ ምንም አይነት ቀደም ሲል የነበረበት በሽታ አያሳይም። አካላዊ ምርመራ ደግሞ ምንም አይነት ያልተለመደ ነገር አላሳየም። በዚህ ሁኔታ ውስጥ ማቅ እና ራስ ምታት ምን ያመለክታል?,ማቅ እና ራስ ምታት በዚህ ሁኔታ ውስጥ የኬሚካል አደጋ ምልክት ናቸው።  በኬሚካል ፋብሪካ ውስጥ በርካታ ሰራተኞች ተመሳሳይ ምልክቶች መታየታቸው ለኬሚካል መጋለጥ ያመለክታል። የሰራተኛው የጤና ታሪክ እና አካላዊ ምርመራ ውጤት ምንም አይነት ሌላ ምክንያት ስለማያሳይ በኬሚካል መጋለጥ ምክንያት እንደተፈጠረ መደምደም ይቻላል። ፈጣን እርምጃ መውሰድ እና አደጋውን መቆጣጠር አስፈላጊ ነው።,
አንድ ገበሬ በእርሻ ቦታው ላይ በድንገት ከፍተኛ ቁጥር ያላቸው የሞቱ እና የታመሙ እንስሳትን አግኝቷል። እንስሳቱ በተለያዩ እርሻዎች ውስጥ የተበተኑ ናቸው እናም አብዛኛዎቹ በአንድ ጊዜ ሞተዋል። እንስሳቱ በድንገት መታመም እና መሞት ጀምረዋል፣ ምንም አይነት ቀደምት የጤና ችግር አልታየባቸውም። በአካባቢውም ምንም አይነት አዲስ ግንባታ ወይም ተመሳሳይ ነገር አልተደረገም። በዚህ ሁኔታ ውስጥ የሞቱት እና የታመሙት እንስሳት መብዛት ምን ሊያመለክት ይችላል?  የእንስሳቱን ሞት ሊያስከትል የሚችል ሊሆን የሚችል ምክንያት በዝርዝር ያብራሩ።,ከፍተኛ ቁጥር ያላቸው የሞቱ እና የታመሙ እንስሳት መኖር የኬሚካል አደጋ ምልክት ሊሆን ይችላል። በአንድ ጊዜ ብዙ እንስሳት መሞታቸው እና ቀደም ብሎ ምንም አይነት የጤና ችግር አለመታየቱ በአካባቢው ያለ አንድ አደገኛ ኬሚካል መኖሩን ያሳያል።  ይህ ኬሚካል በአየር፣ በውሃ ወይም በምግብ በኩል ወደ እንስሳቱ አካል እንደገባ እና በአጭር ጊዜ ውስጥ ሞታቸውን እንዳስከተለ ይጠቁማል።  በአካባቢው ያለውን አደገኛ ኬሚካል ለመለየት እና አስፈላጊውን እርምጃ ለመውሰድ ወዲያውኑ ምርመራ ማድረግ አስፈላጊ ነው።,
አንድ 35 ዓመት ወንድ በኬሚካል ፋብሪካ ውስጥ ይሰራል። በሥራ ቦታ ላይ በአደጋ ምክንያት በኬሚካል ፈሳሽ ላይ ተረጭቶ ቆዳው ላይ እና በአይን ውስጥ ገብቶ ነበር።  በተጨማሪም በአካባቢው ከፍተኛ መጠን ያለው የኬሚካል ትነት ነበር።  በኋላ ላይ ማቅለሽለሽ፣ ማስታወክ፣ እና የመተንፈስ ችግር አጋጥሞታል። ኬሚካሎች በሰው አካል ላይ ጉዳት እንዴት አደረሱበት? በዝርዝር ይግለጹ።,ኬሚካሎች በሰው አካል ላይ በተለያዩ መንገዶች ጉዳት ሊያደርሱ ይችላሉ።  በዚህ ጉዳይ ላይ ኬሚካሉ በቆዳው ላይ በመርጨት እና በአይን ውስጥ በመግባት አካላዊ ጉዳት አድርሷል።  በተጨማሪም ከፍተኛ መጠን ያለው የኬሚካል ትነት በመተንፈስ መንገድ ላይ ተጽእኖ አድርጎ ማቅለሽለሽ፣ ማስታወክ እና የመተንፈስ ችግር አስከትሏል።  ስለዚህ ኬሚካሎች ከቆዳ ጋር በመገናኘት፣ በመተንፈስ እና በመዋጥ ሰውነት ላይ ጉዳት ያደርሳሉ።,
አንዲት 70 ዓመት የሆናት ሴት በቤት ውስጥ በኤሌክትሪክ ኃይል የሚሰራ የኦክስጂን ማከማቻ መሣሪያ በመጠቀም ለረጅም ጊዜ በ pulmonary fibrosis ምክንያት የኦክስጂን ሕክምና ትወስዳለች። በድንገት የኤሌክትሪክ ኃይል መቋረጥ ከተከሰተ እና የኦክስጂን አቅርቦቷ እንደቆመ ከተሰማት ምን አይነት ፈጣን እርምጃ መውሰድ አለባት?  የእርሷ የጤና ሁኔታ በኦክስጂን አቅርቦት ላይ እጅግ ተመካክቶ ነው።,በድንገት የኤሌክትሪክ ኃይል መቋረጥ ከተከሰተ ሴቲቱ በባትሪ የሚሰራ የኦክስጂን ማከማቻ መሣሪያ ካላት ወዲያውኑ መጠቀም አለባት። ይህ መሣሪያ በኤሌክትሪክ ኃይል መቋረጥ ጊዜ ቀጣይነት ያለው የኦክስጂን አቅርቦት እንዲኖራት ያስችላታል። በዚህ መንገድ በ pulmonary fibrosis ምክንያት ሊከሰት የሚችለውን የኦክስጂን እጥረት መከላከል ትችላለች። እንዲህ ዓይነቱ እርምጃ በጤንነቷ ላይ ከፍተኛ ተጽዕኖ ስለሚያሳድር በጣም ወሳኝ ነው።,
አንድ አምስት አባላት ያሉት ቤተሰብ በሚኖርበት አካባቢ ለሶስት ቀናት የሚቆይ የኤሌክትሪክ ኃይል መቋረጥ እንደሚከሰት ተንብዮአል። ይህ ቤተሰብ በዚህ ጊዜ ውስጥ ሊያጋጥማቸው ከሚችሉት ችግሮች ለመከላከል ምን ዓይነት ዝግጅት ማድረግ አለበት?  በዝግጅቱ ውስጥ ምን ዓይነት ነገሮች መካተት አለባቸው? በዝርዝር ይግለጹ።,የቤተሰቡ አባላት ለሶስት ቀናት የሚሆን በቂ ምግብና ውሃ ማዘጋጀት አለባቸው። በተጨማሪም ለእያንዳንዱ የቤተሰብ አባል በባትሪ የሚሰራ ራዲዮ እና ተጨማሪ ባትሪዎች ማዘጋጀት ያስፈልጋል። ይህም ከውጭው ዓለም ጋር ግንኙነት ለመፍጠርና አስፈላጊ መረጃዎችን ለማግኘት ይረዳል።  በቂ መብራት ለማግኘት እንደ ሻማ ወይም ፋናር ያሉ አማራጭ መብራቶችን ማዘጋጀትም አስፈላጊ ነው።  በመጨረሻም ለህክምና አስፈላጊ የሆኑ መድሃኒቶች እና የመጀመሪያ እርዳታ መሳሪያዎች መዘጋጀት አለባቸው።,
አንዲት 65 ዓመት ሴት በድንገት የኤሌክትሪክ ኃይል መቋረጥ አጋጥሟታል።  በቤት ውስጥ ያለው የሕክምና መሣሪያዋ (የልብ ምት መቆጣጠሪያ) በባትሪ እየሰራ ነው ነገር ግን ባትሪው ለ24 ሰዓት ብቻ ይሰራል። ቤቷ ከኤሌክትሪክ መስመር ጋር ያለው ግንኙነት በመሬት መንሸራተት ምክንያት ተቋርጧል፣ እና ባለሥልጣናቱ ችግሩን ለማስተካከል ምን ያህል ጊዜ እንደሚፈልግ አላረጋገጡም።  የኤሌክትሪክ ኃይል መቋረጡ ምን ያህል ሊቆይ ይችላል?  በዚህ ሁኔታ ውስጥ ምን ያህል ጊዜ እንደሚቆይ በዝርዝር ያብራሩ።,የኤሌክትሪክ ኃይል መቋረጡ ለበርካታ ቀናት ሊቆይ ይችላል።  በመሬት መንሸራተት ምክንያት የኤሌክትሪክ መስመር መቋረጥ ረዘም ላለ ጊዜ ሊፈታ ይችላል።  በተለይም እንደ መሬት መንሸራተት ያሉ ሰፊ ጉዳቶች መንስኤ ከሆነ እና እንደ ቤት ውስጥ ያሉ መሠረታዊ መሠረተ ልማቶች ከተጎዱ ኤሌክትሪክ ኃይል ለማስመለስ ሰዓታት ወይም ቀናት ሊወስድ ይችላል።  በዚህ ሁኔታ ውስጥ ያለው ሴት ለረጅም ጊዜ ኤሌክትሪክ አለመኖሩን ለመቋቋም ዝግጅት ማድረግ አለባት።,
አንድ የኤሌክትሪክ ኃይል አቅራቢ ድርጅት በአዲስ አበባ ከተማ አንድ አካባቢ ላይ የኤሌክትሪክ አቅርቦት ችግር እያጋጠመው ነው። በዚህ አካባቢ ያሉ ቤቶች እና ንግዶች በየሰዓቱ ኃይል ማጣት እያጋጠማቸው ነው። ይህ ደግሞ ከፍተኛ ኢኮኖሚያዊ ኪሳራ እና ህብረተሰቡ ላይ አሉታዊ ተጽዕኖ እያሳደረ ነው።  የኤሌክትሪክ ኃይል አቅራቢው ለአጭር ጊዜ ኃይል እንዲቆም ማድረግ ያለበትን ምክንያት በዝርዝር በማስረዳት እንዴት እና ለምን ያደርገዋል ብለህ ትገልጻለህ?,የኤሌክትሪክ ኃይል አቅራቢው የአንድ አካባቢ ኤሌክትሪክን ለአጭር ጊዜ ሊያቋርጥ ይችላል።  ይህ በዋነኛነት ከፍተኛ ፍላጎት በሚፈጠርበት ወቅት ከመጠን በላይ ጭነትን ለመከላከል እና የኃይል አቅርቦት ስርዓቱን ከመበላሸት ለመጠበቅ ነው።  የአጭር ጊዜ ኃይል ማቋረጥ ከረጅም ጊዜ ኃይል አለመኖር ይልቅ በአነስተኛ ጉዳት ችግሩን ለመፍታት ይረዳል። በተጨማሪም፣ በአንድ አካባቢ ላይ ብቻ የሚደረግ መቋረጥ ሌሎች አካባቢዎችን ከመጎዳት ያስቀርታል።,
አንዲት 72 ዓመት የሆናት ሴት በቤት ውስጥ የልብ ምት መቆጣጠሪያ (pacemaker) እና የኦክስጂን ኮንሰንትሬተር (oxygen concentrator) በመጠቀም ለረጅም ጊዜ እየኖረች ነው። በቅርቡ በአካባቢዋ ብዙ ጊዜ የኤሌክትሪክ ኃይል መቋረጥ እያጋጠማት ነው። ይህ በጤንነቷ ላይ አደጋ ሊያስከትል ይችላል።  በዚህ ሁኔታ ምን ማድረግ አለባት?,በቤት ውስጥ የኤሌክትሪክ ኃይል መቋረጥ በጤንነቷ ላይ አደጋ ስለሚያስከትል የኤሌክትሪክ ኃይል አቅራቢውን ማሳወቅ አለባት።  የልብ ምት መቆጣጠሪያዋ እና የኦክስጂን ኮንሰንትሬተሯ በኤሌክትሪክ ኃይል ስለሚሰሩ ፣ በኃይል መቋረጥ ጊዜ እነዚህ መሳሪያዎች አይሰሩም እና ጤንነቷን ሊጎዱ ይችላሉ።  የኤሌክትሪክ ኃይል አቅራቢውን ማሳወቅ ለአደጋ ጊዜ እቅድ እንዲያወጣ እና ለኃይል መቋረጥ ዝግጅት እንዲያደርግ ያስችላታል። እንዲሁም ተለዋጭ ኃይል ምንጭ እንደ ጀነሬተር ወይም ባትሪ ማዘጋጀት አለባት።,
በአዲስ አበባ ከተማ በሚገኝ ትልቅ ሆስፒታል ውስጥ በየቀኑ የሚከሰቱ የኤሌክትሪክ ኃይል መቋረጦችን በተመለከተ በየሰዓቱ መረጃ ተሰብስቧል። ሆስፒታሉ በየቀኑ ከጠዋቱ 6፡00 እስከ ምሽቱ 10፡00 ድረስ ከፍተኛ የኤሌክትሪክ ኃይል ፍላጎት አለበት። ከፍተኛ መጠን ያለው የኃይል ፍጆታ በሚደረግበት ሰዓት ከሌሎች ሰዓታት ጋር ሲነጻጸር የኤሌክትሪክ ኃይል መቋረጥ ምን ያህል ጊዜ ይከሰታል?  የኃይል መቋረጥ ብዛትን በየሰዓቱ በመመዝገብ እና በከፍተኛ የኃይል ፍላጎት ሰዓት ላይ የሚከሰተውን ድግግሞሽ ከሌሎች ሰዓታት ጋር በማወዳደር መልስ ይስጡ።,የኤሌክትሪክ ኃይል መቋረጥ በከፍተኛ የመጠቀሚያ ሰዓታት በብዛት ይከሰታል። ይህ በዚህ ሰዓት ከፍተኛ የኃይል ፍላጎት ስለሚኖር እና ስርዓቱ ከፍተኛ ጫና ስለሚደርስበት ነው። በዚህ ምክንያት የኃይል አቅርቦት ስርዓቱ ከመጠን በላይ ጭነት ሊደርስበት ይችላል፣ ይህም ወደ ኃይል መቋረጥ ይመራል።  በሌሎች ሰዓታት ደግሞ የኃይል ፍላጎት ዝቅተኛ ስለሆነ የመቋረጥ እድሉም ይቀንሳል።,
አንዲት ነፍሰ ጡር ሴት በምትኖርበት አካባቢ ድንገተኛ የኤሌክትሪክ ኃይል መቋረጥ በተደጋጋሚ እየተከሰተ ነው። በዚህ ምክንያት ለረጅም ሰዓታት ኃይል አልባ ሆኖ ሊቆይ ይችላል።  በዚህ ሁኔታ ለእሷ እና ለልጇ ደህንነት እንዲሁም ለቤት እንስሳዋ (ድመት) ምን አይነት ዝግጅት ማድረግ አለባት?,በድንገተኛ የኃይል መቋረጥ ጊዜ ለደህንነት እና ለመትረፍ በቂ ምግብ፣ ንጹህ ውሃ፣ በባትሪ የሚሰራ ራዲዮ እና ተጨማሪ ባትሪዎች፣ ብርድ ልብስ እና ሞቃት ልብሶች፣ ለቤት እንስሳዋ (ድመቷ) በቂ ምግብ እና ውሃ እንዲሁም ኤሌክትሪክ የማያስፈልገው ስልክ ማዘጋጀት አስፈላጊ ነው። እነዚህ ዝግጅቶች ለነፍሰ ጡሯ ሴት እና ለልጇ ደህንነት እንዲሁም ለቤት እንስሳዋ አስፈላጊ የህይወት ድጋፍ ይሰጣሉ።,
አንዲት 45 ዓመት ሴት በጽዳት ክፍል ውስጥ እየሰራች ሳለ በተጠቀመችው ኬሚካል ማጽጃ ምክንያት በእጇ ላይ ከፍተኛ መቅላት፣ ህመም እና እብጠት አጋጥሟት ነበር። እንደ እብጠት፣ መቅላት እና ህመም ያሉ ምልክቶችን አሳይታለች። በኬሚካሉ ማጽጃ ላይ ምንም አይነት መረጃ አልነበረም። በእጇ ላይ ያለው መቅላት በፍጥነት እየተስፋፋ ነው። በዚህ ሁኔታ ምን ማድረግ አለባት?,በኬሚካል ማጽጃ ምክንያት የቆዳ መቃጠል ከተከሰተ ወዲያውኑ ለጽዳት ክፍል ኃላፊ ወይም ለአለቃ ማሳወቅ አለባት። ይህም ተጨማሪ እርዳታ እንዲያገኝ እና አስፈላጊውን የህክምና እርዳታ እንዲያገኝ ያስችለዋል። ከዚህ በተጨማሪ በቆዳ ላይ ያለውን ኬሚካል በብዛት ውሃ ማጠብ እና ህመሙን ለማስታገስ ቀዝቃዛ እርጥብ ጨርቅ መጠቀም ይቻላል። ምንም እንኳን ከባድ ጉዳት ባይኖርም እንኳን ለተጨማሪ ምርመራ እና ህክምና ወደ ሆስፒታል መሄድ አስፈላጊ ነው።,
አንድ 7 ዓመት ልጅ በአንድ ትልቅ ሆስፒታል ውስጥ ለሚደረግ አንድ ከፍተኛ ደረጃ ያለው የብክለት ማጽጃ ሂደት በአጋጣሚ ተጋልጧል። ልጁ በመጸዳጃ ቤት ውስጥ እየተጫወተ እያለ በድንገት በማጽጃው ውስጥ ገባ። ልጁ ምንም አይነት ጉዳት አልደረሰበትም ነገር ግን በሂደቱ ውስጥ መገኘቱ አደገኛ ነው። በዚህ ሁኔታ ምን ማድረግ አለብን?,በብክለት ማጽጃ ሂደት ውስጥ ልጆች መገኘት አይፈቀድላቸውም። ስለዚህ በዚህ ሁኔታ ልጁን ከሂደቱ ቦታ በአስተማማኝ ሁኔታ ማስወገድ እና ወላጆቹን ወይም ህጋዊ አሳዳጊዎቹን በአደጋው ላይ ማሳወቅ አለብን። ከዚያም ልጁ ምንም አይነት ችግር እንዳላለበት ለማረጋገጥ ሙሉ ምርመራ እና ክትትል ሊደረግለት ይገባል። ይህም አስፈላጊ ከሆነ ተጨማሪ የህክምና እርዳታ እንዲያገኝ ያስችለዋል።  ወላጆቹም ስለ ሂደቱ አደጋዎች እና ልጆችን ከእንዲህ ዓይነት አደጋዎች እንዴት መጠበቅ እንደሚቻል መመሪያ ማግኘት አለባቸው።,
አንድ በኬሚካል ማጽጃ ክፍል ውስጥ ለብዙ ዓመታት ሲሰራ የነበረ 35 ዓመት ወንድ ሰራተኛ በቅርቡ በቆዳው ላይ ከፍተኛ እብጠትና ማሳከክ እያጋጠመው ነው። እንዲሁም በመተንፈስ ችግር እና በደረት ውስጥ ህመም ይሰማዋል።  የጤና ባለሙያዎች በኬሚካል ንጥረ ነገሮች መጋለጥ ምክንያት እንደሆነ ይጠረጥራሉ።  በእንደዚህ ዓይነት ኬሚካል ማጽጃ ክፍል ውስጥ አደጋን ለመቀነስ ሰራተኛው ምን አይነት ልብስ መልበስ አለበት?  በመልስዎ ውስጥ በተለይ ለምን እንደዚያ አይነት ልብስ መልበስ አስፈላጊ እንደሆነ ያብራሩ።,ሰራተኛው የመከላከያ ልብሶችን እና የጭንቅላት መሸፈኛዎችን መልበስ አለበት።  ይህም በኬሚካል ንጥረ ነገሮች ላይ ከመጋለጥ ለመከላከል አስፈላጊ ነው።  የመከላከያ ልብሶች ቆዳን ከኬሚካሎች ይከላከላሉ፣ እና የጭንቅላት መሸፈኛዎች ደግሞ በመተንፈሻ አካላት ላይ ጉዳት እንዳይደርስ ይከላከላሉ።  በኬሚካል ማጽጃ ክፍል ውስጥ ያሉ ኬሚካሎች ለሰው ልጅ ጤና በጣም አደገኛ ስለሆኑ ተገቢውን የመከላከያ ልብስ መልበስ ወሳኝ ነው።,
አንድ 45 ዓመት ዕድሜ ያለው ታካሚ በአደገኛ ቆሻሻ ማስወገጃ ክፍል ውስጥ በብክለት ማጽጃ ሂደት ውስጥ ተሳትፏል። በሻወር ከታጠበ በኋላ ምን እርምጃዎች መወሰድ አለባቸው?  በሂደቱ ውስጥ በቆዳው ላይ ትንሽ መቧጨር ደርሶበታል።  የሰውነቱ ሙቀት መደበኛ ነው። በሻወር በኋላ ምን እርምጃ መውሰድ አለበት?,ከሻወር በኋላ ታካሚው እንዲደርቅ እና ንጹህ ፣ ደህንነቱ የተጠበቀ የሰራተኛ ልብስ መሰጠት አለበት።  ይህም ቆዳው ላይ የደረሰውን ትንሽ መቧጨር ለመከላከል እና ተጨማሪ ኢንፌክሽንን ለመከላከል ይረዳል።  የተበከለውን ልብስ በተገቢው መንገድ ማስወገድ አስፈላጊ ነው። በተጨማሪም ለተጨማሪ ምልከታ እና ለአስፈላጊ ህክምና ክትትል እንደሚደረግለት ማረጋገጥ አስፈላጊ ነው።,
አንዲት 35 ዓመት ሴት ታካሚ በኬሚካል ብክለት ምክንያት በቆዳዋ ላይ ከፍተኛ መጠን ያለው መርዛማ ንጥረ ነገር ተቀምጦባታል። በቆዳዋ ላይ ማሳከክ፣ መቅላት እና ህመም ይታያል። በተጨማሪም ትንሽ ማቅለሽለሽ እና ማስታወክ አለባት። በአካል ምርመራ ወቅት የቆዳ መርዛማ ንጥረ ነገር በሰፊው በቆዳዋ ላይ ተስፋፍቶ እንደሚታይ ታይቷል።  የሕክምና ባለሙያው ብክለትን ለማስወገድ የቆዳ ማጽዳት ሂደት አዝዟል። በዚህ ሂደት ውስጥ ታካሚው ምን ማድረግ አለባት?,በኬሚካል ብክለት ሂደት ውስጥ ያለች ታካሚ በተደጋጋሚ መታጠብ አለባት። ይህም ከቆዳዋ ላይ መርዛማ ንጥረ ነገሮችን ለማስወገድ ይረዳል። በተደጋጋሚ መታጠብ ቆዳዋን ከመርዛማ ንጥረ ነገሮች በማጽዳት ተጨማሪ ጉዳት እንዳይደርስባት ይከላከላል። በሂደቱ ወቅት ልብሷን ማስወገድ፣ ፀጉሯን እና አካሏን ማፅዳት፣ እና የተጎዳውን ቆዳ መልቀቅ ያስፈልጋል።,
አንዲት 45 ዓመት ሴት በከባድ ብክለት ምክንያት በሆስፒታል ተኝታለች። በብክለት ማጽጃ ሂደት ውስጥ ውድ የሆኑትን ጌጣጌጦቿን ፣ ሰዓቷን እና ሌሎች ውድ ዕቃዎቿን ደህንነት ለማረጋገጥ ምን ማድረግ አለባት?  በአደጋ ጊዜ በፍጥነት እንዲደረስባቸው እና እንዳይጠፉ ወይም እንዳይጎዱ እንዴት መጠበቅ ትችላለች?,ታካሚው ውድ ዕቃዎቿን በትልቅ እና ደህንነቱ በተጠበቀ ቦርሳ ውስጥ ማስቀመጥ አለባት። ይህ እቃዎቿ ከብክለት እና ከሌሎች አደጋዎች እንዲጠበቁ ያደርጋል። በተጨማሪም ፣ ቦርሳው በቀላሉ እንዲደረስበት እና እንዳይጠፋ በደህና ቦታ ላይ መቀመጥ አለበት። በሻወር ውስጥ መተው ወይም በኪሷ ውስጥ ማስቀመጥ ደህንነታቸውን አያረጋግጥም።,
አንድ ሠራተኛ በአንድ ፋብሪካ ውስጥ በሚደረግ የብክለት ማጽጃ ሂደት ውስጥ እየሰራ ነው። በሂደቱ ወቅት በድንገት ከባድ የመተንፈስ ችግር ተሰማው። ደረቱ ይጨነቃል፣ እና ትንሽ ሳል ያደርጋል።  የልብ ምት መጨመርም ተሰምቶታል። በዚህ ሁኔታ ሠራተኛው ምን ማድረግ አለበት?  የእሱን ሁኔታ በተመለከተ ምን እርምጃ መውሰድ አለበት?,በብክለት ማጽጃ ሂደት ውስጥ የመተንፈስ ችግር ካለበት ሠራተኛው ወዲያውኑ ለአለቃው ወይም ለተቆጣጣሪው ማሳወቅ አለበት። ይህ ፈጣን ምላሽ እና አስፈላጊ ህክምና እንዲሰጥ ያደርጋል።  የመተንፈስ ችግር ከባድ ችግር ሊሆን ስለሚችል እራስን ማከም ወይም ችግሩን ችላ ማለት አደገኛ ነው። በፍጥነት ምላሽ መስጠት አስፈላጊ ነው።,
አንዲት 28 ዓመት እድሜ ያላት ነፍሰ ጡር ሴት በከፍተኛ ትኩሳት፣ ራስ ምታት፣ እና ማቅለሽለሽ በመሰቃየት ወደ ሆስፒታል መጥታለች።  እርግዝናዋ 20 ሳምንታት ነው። ከሶስት ሳምንት በፊት ከናይጄሪያ ተመልሳ ነበር።  በናይጄሪያ በነበረችበት ወቅት በተለያዩ የገጠር አካባቢዎች ተዘዋውራለች፣ ከተለያዩ ሰዎች ጋር ተገናኝታለች፣ እና በንጽህና ባልተጠበቀ አካባቢ ምግብ በላለች። አሁንም በሽታው ምን እንደሆነ ለማወቅ የሚረዳ ወሳኝ መረጃ ምንድን ነው?  የአካል ምርመራ ልዩ ምልክት አላሳየም።,የታካሚዋ ጉዞ ርዝመት እና የተጎበኘችባቸው አገሮች ወሳኝ ናቸው። ከናይጄሪያ ከተመለሰች በኋላ በሽታ መያዟ በጉዞዋ ወቅት በተጋለጠችባቸው ተላላፊ በሽታዎች ምክንያት ሊሆን ይችላል።  በተለይም በናይጄሪያ በነበረችበት ወቅት በንጽህና ባልተጠበቀ አካባቢ ምግብ መብላቷ፣ ከተለያዩ ሰዎች ጋር መገናኘቷ እና በገጠር አካባቢዎች መዘዋወሯ ለተላላፊ በሽታዎች ተጋላጭነቷን ይጨምራል።  ይህ መረጃ ሐኪሙ ትክክለኛውን ምርመራ እንዲያደርግ እና ተገቢውን ህክምና እንዲሰጥ ይረዳል።,
አንድ 35 ዓመት አካባቢ ወንድ በአንድ መኪና አደጋ ምክንያት ወደ ድንገተኛ ክፍል ተወስዷል። ታካሚው ራሱን ስቶ ነበር እና በአደጋው ወቅት ጭንቅላቱ ላይ ከባድ ጉዳት እንደደረሰበት ይናገራል።  በአደጋው ወቅት የደህንነት ቀበቶ አልለበሰም ነበር። በአሁኑ ጊዜ ግራ መጋባት እና ትንሽ ማቅለሽለሽ አለበት።  የደም ግፊቱ 100/60 ሚሜ ሜርኩሪ ነው፣ እናም የልብ ምት 100 ምቶች በደቂቃ ነው።  የአንገቱ እና የጀርባው ህመም አለበት።  ለሐኪሙ ትክክለኛ ምርመራ እና ህክምና ምን ተጨማሪ ወሳኝ መረጃ ያስፈልጋል?  ምክንያቱንም ያብራሩ።,የአደጋው ዝርዝር መረጃ እና የተጎዱት የሰውነት ክፍሎች ወሳኝ ናቸው። ይህም ትክክለኛ ህክምና ለማግኘት ይረዳል።  ለምሳሌ፣ የአደጋው ፍጥነት፣ የተከሰተበት ሁኔታ፣  የተጋጩ ተሽከርካሪዎች አይነት እና የተከሰተበት አካባቢ ወሳኝ መረጃዎች ናቸው።  እንዲሁም የጭንቅላት ጉዳት አይነት እና ክብደት፣  የአከርካሪ አጥንት ጉዳት እና የውስጥ አካላት ጉዳት መኖር አለመኖርን ማወቅ በጣም አስፈላጊ ነው። ይህ መረጃ ለምርመራ እና ለህክምና እቅድ አወጣጥ መሰረት ይሆናል።,
አንድ ሰው ወደ ድንገተኛ ክፍል በመምጣት ቤተሰቡን አባል እየረዳ ነው። ቤተሰቡ አባል ለጥቂት ቀናት ከፍተኛ ትኩሳት፣ ከባድ ራስ ምታት፣ እና አንገት ላይ ጥብቅነት እንዳለበት ይናገራል።  ቤተሰቡ አባል ከመታመሙ በፊት በአካባቢው የነበረ አዲስ የተከሰተ የቫይረስ ኢንፌክሽን ስላለ አይጨነቅም።  የሕመምተኛው አጠቃላይ የጤና ታሪክ የለም። በአካላዊ ምርመራ ላይ አንገት ላይ ጥብቅነት፣ እና የአንገት ጡንቻዎች ርህራሄ ታይቷል።  ምን ዓይነት ተጨማሪ መረጃ ለሐኪሙ በዚህ ሁኔታ ወሳኝ ይሆናል?  የታካሚውን እድሜ፣ ጾታ እና የመኖሪያ ቦታ ጨምሮ ማንኛውም ጠቃሚ ተጨማሪ መረጃ ያስፈልጋል?,በዚህ ሁኔታ ውስጥ ለሐኪሙ ወሳኝ የሆነው ተጨማሪ መረጃ የሕመምተኛው የተሟላ የሕክምና ታሪክ፣ በተለይም በቅርብ ጊዜ ያጋጠሙት ምልክቶች ዝርዝር መግለጫ ነው።  ይህም የትኩሳት መጠን፣ የራስ ምታቱ አይነት እና ክብደት፣ የአንገት ጥብቅነት መቼ እና እንዴት እንደጀመረ፣ የትኞቹ የአንገት ጡንቻዎች እንደተጎዱ እና የመሳሰሉትን ያካትታል። እንዲሁም ስለ አንድ ሊሆን የሚችል የቫይረስ ኢንፌክሽን ወይም እንደ አደጋ ወይም ጉዳት ያሉ ሌሎች አስፈላጊ ነገሮች መረጃ ማግኘት ወሳኝ ነው። ይህ መረጃ ትክክለኛ ምርመራ እና ህክምና ለማድረግ አስፈላጊ ነው።,
አንዲት 28 ዓመት ሴት ወደ ድንገተኛ ክፍል በከፍተኛ ህመም ምክንያት ደርሳለች። እርጉዝ መሆኗን እና ምጥ ላይ እንደሆነች ትናገራለች። ህመሙ በሆዷ ታችኛው ክፍል ላይ በሚደጋገም መልኩ የሚመጣ ሲሆን በእያንዳንዱ ምት ከባድ ነው።  የመጨረሻው የወር አበባዋ ከ 8 ሳምንታት በፊት ነበር ብላለች። በአካላዊ ምርመራ ፣ የማህፀን መክፈቻ 3 ሴ.ሜ ክፍት እንደሆነ ተገኝቷል እና ንቁ ምጥ አላት። እንዴት ይህንን ሁኔታ በትክክል መመርመር እና ማከም ይቻላል?  በምርመራው ውስጥ ምን ተጨማሪ ወሳኝ መረጃ እንደሚያስፈልግ በዝርዝር ይግለጹ።,በዚህ ሁኔታ ውስጥ ፣የእርግዝና ሳምንታትን ፣ የመጨረሻውን የወር አበባ ቀን እና የህመሙን አይነት እና ክብደት ማወቅ ወሳኝ ነው።  የእርግዝና ሳምንታት እና የመጨረሻው የወር አበባ ቀን የእርግዝና ዕድሜን ለመወሰን ይረዳሉ። የህመሙ አይነት እና ክብደት ደግሞ የምጥ ሂደቱን ደረጃ እና ከባድነት ለመወሰን ይጠቅማል። ይህ መረጃ ለትክክለኛ ምርመራ እና አስፈላጊ ከሆነ ለፈጣን እርምጃ መውሰድ ይረዳል። በተጨማሪም ፣የልጁን ልብ ምት ማዳመጥ እና የማህፀን መክፈቻ እና መጥፋትን መለካት ወሳኝ ነው።,
አንድ 35 ዓመት ሴት ከአንድ ወር በፊት ከህንድ ተመልሳ ከአንድ ሳምንት በፊት ትኩሳት፣ ራስ ምታት፣ ማቅለሽለሽ እና ማስታወክ ጀምራለች።  በተጨማሪም እግሯ ላይ ትንሽ እብጠት እና ህመም አለባት። የደም ምርመራ አነስተኛ የደም ሴል ብዛትን እና በጉበት ላይ ከፍተኛ የኢንዛይም መጠን አሳይቷል። በዚህ አጋጣሚ ለትክክለኛ ምርመራ እና ህክምና ምን ተጨማሪ ወሳኝ መረጃ ከታካሚው እና ከጉዞዋ ጋር መጠየቅ አለበት?,ለትክክለኛ ምርመራ እና ህክምና ከታካሚዋ እና ከጉዞዋ ጋር ተዛማጅነት ያላቸው ወሳኝ መረጃዎች የሚከተሉትን ያካትታሉ፡ የተጎበኘችውን ትክክለኛ ቦታ እና የጉዞ ርዝማኔ፣ የተቀበለቻቸውን ክትባቶች፣ የተገናኘቻቸውን ሰዎች እና ቦታዎች (ለምሳሌ፡ ሆስፒታል፣ ደን፣ ወዘተ) እንዲሁም የተመገበቻቸውን ምግቦች እና ውሃ። ይህ መረጃ ሐኪሙ የተለያዩ ተላላፊ በሽታዎችን ለማስወገድ እና ለትክክለኛ ምርመራ ይረዳል።,
አንድ 35 ዓመት ሴት ከአፍሪካ ጉብኝት በኋላ ከሶስት ቀን በፊት ትኩሳት እና ማቅለሽለሽ መጀመሩን ተናግራለች። ትኩሳቱ ከፍተኛ ሲሆን በአንድ ቀን ውስጥ እስከ 39°ሴ ደርሷል። ማቅለሽለሹ እንዲሁ ከፍተኛ ነው እና እስከ አሁን አልተሻለም። በተጨማሪም ራስ ምታት፣ ድክመት እና የጡንቻ ህመም አለባት።  በጉዞዋ ወቅት በምን አገር እንደነበረች፣ ምን ያህል ጊዜ እንደቆየች፣ ምን አይነት ምግቦችን እንደበላች እና ምን አይነት ንክሻ/ንክኪ እንዳጋጠማት በዝርዝር ይግለጹ። እንዲሁም በጉዞዋ ወቅት የተከሰተባትን የጤና ችግር ካለ ይግለጹ።  ለምርመራ እና ህክምና ምን ዓይነት ተጨማሪ መረጃዎች ወሳኝ ሊሆኑ ይችላሉ?,የታካሚው ትኩሳት፣ ማቅለሽለሽ እና ሌሎች ምልክቶች ከጉዞዋ በኋላ መከሰታቸው ለበሽታ መንስኤ እና ምርመራ ወሳኝ መረጃ ይሰጣል።  የጉዞዋ አካባቢ (አገር እና ርዝማኔ)፣ የተመገበችው ምግብ፣ የነፍሳት ንክሻ እና ሌሎች ተጋላጭነቶች ትክክለኛውን ምርመራ ለማድረግ ይረዳሉ። የትኩሳቱ መጠን እና ቆይታ፣ የማቅለሽለሹ ክብደት እና ሌሎች ምልክቶች ከባድነት በሽታውን ለመመደብ እና ተገቢውን ህክምና ለመምረጥ ይረዳሉ። ይህ መረጃ ተላላፊ በሽታዎችን፣ ምግብ በተላላፊ በሽታዎች እና ሌሎች የጉዞ ተዛማጅ በሽታዎችን ለመለየት ይረዳል።,
አንዲት 35 ዓመት ሴት በቅርቡ ከፍተኛ ማስታወክ እና ተቅማጭ በመጋለጣት ምክንያት ከባድ ድርቀት አጋጥሟታል። በድርቀት ምክንያት ክብደቷ በከፍተኛ ሁኔታ ቀንሷል እናም ትክክለኛውን ክብደቷን ለማወቅ ትፈልጋለች።  የሕክምና ባለሙያው ክብደቷን ለመለካት ምን መሣሪያ መጠቀም አለበት?,የሕክምና ባለሙያው ክብደቷን ለመለካት ሚዛን (ስኬል) መጠቀም አለበት።  ሚዛን ክብደትን በትክክል ለመለካት የተነደፈ መሣሪያ ነው። በዚህ ሁኔታ ውስጥ ቴርሞሜትር፣ ስቴቶስኮፕ እና ስፕሊንት ክብደትን ለመለካት ተስማሚ አይደሉም።  ሚዛን በመጠቀም ትክክለኛ እና አስተማማኝ ክብደት መለካት ይቻላል።,
አንድ 25 ዓመት ወጣት በቦምብ ፍንዳታ አካባቢ ነበር። በፍንዳታው ምክንያት ትንሽ ጭንቀት እና ትንሽ ቁስል ብቻ ደርሶበታል። ምንም አይነት ከባድ ጉዳት አልደረሰበትም። ደሙም አልፈሰሰም። በዚህ ሁኔታ ምን ማድረግ አለበት?,በዚህ ሁኔታ ወጣቱ ወደ ቤት መሄድ እና እረፍት ማድረግ ይችላል። ምንም እንኳን ትንሽ ጭንቀትና ትንሽ ቁስል ቢኖርም ከባድ ጉዳት አልደረሰበትም። ደም አልፈሰሰም። ስለዚህ ወዲያውኑ ህክምና አያስፈልገውም። ሆኖም ግን በሚቀጥሉት ሰዓታት ውስጥ ከባድ ህመም ወይም ሌላ ችግር ከተከሰተ ወደ ሆስፒታል መሄድ አለበት።,
አንድ ትልቅ ሕንፃ ውስጥ በሚገኝ ቢሮ ውስጥ እየሰራህ ሳለ ኃይለኛ የቦምብ ፍንዳታ ሰማህ:: ሕንፃው በከፍተኛ ሁኔታ እየተናወጠ እና አቧራ እና ፍርስራሽ በየቦታው እየበተነ ነው። ከፍንዳታው በኋላ ብዙ ሰዎች እየጮኹ እና እርዳታ እየጠየቁ ነው። በዚህ ሁኔታ ውስጥ ምን ማድረግ አለብህ?  በዝርዝር አብራራ።,ከቦምብ ፍንዳታ በኋላ በመጀመሪያ ደረጃ ለግል ደህንነት ትኩረት በማድረግ አከባቢውን በፍጥነት መልቀቅ አስፈላጊ ነው።  ይህም ተጨማሪ አደጋዎችን ለመከላከል እና ለራስ እና ለሌሎች ጉዳት እንዳይደርስ ይረዳል። አስተማማኝ ቦታ ላይ ከደረስን በኋላ ለእርዳታ ማስፈንጠር እና ለአስፈላጊ አገልግሎቶች (እንደ አምቡላንስ ወይም የእሳት አደጋ ማጥፊያ) መደወል ይኖርብናል። ከዚያ በኋላ ለጉዳት የደረሰባቸው ሰዎች እርዳታ መስጠት እንችላለን። በፍንዳታው ቦታ ላይ መቆየት ተጨማሪ አደጋዎችን ያስከትላል።,
አንድ ትልቅ ቦምብ በአቅራቢያችን ፈንድቶ ብዙ ሰዎች ቆስለዋል ። በቦታው ላይ ከፍተኛ ግርግር እና ብጥብጥ አለ ። ፖሊስ እና የአደጋ ጊዜ አገልግሎት ሰራተኞች አሁንም አልደረሱም ።  በዚህ ሁኔታ ውስጥ ምን ማድረግ አለብን እና ለምን?,በቦምብ ፍንዳታ ቦታ ላይ ፖሊስ እና የአደጋ ጊዜ አገልግሎት ሰራተኞች ካልደረሱ ወዲያውኑ 911 መደወል አለብን። ይህም እርዳታ ለመጠየቅ እና ለተጎዱት ሰዎች ፈጣን የህክምና እርዳታ ለማግኘት በጣም አስተማማኝ እና ውጤታማ መንገድ ነው። በዚህ ሁኔታ ውስጥ በራሳችን ወደ ቤታችን መሄድ ወይም ወደ ሆስፒታል መሄድ አደገኛ እና ምንም ጥቅም የለውም። 911 በመደወል ለራሳችንም ሆነ ለሌሎች ደህንነትን እናረጋግጣለን።,
አንድ ሰው በህዝብ ቦታ ላይ እያለ ከፍተኛ ድምፅ ያለው ጩኸት ሰምቶ ከፍተኛ የእሳት ነበልባልና ጭስ አይቶ በአቅራቢያው ያሉ ሰዎች እየሮጡ እና እየጮሁ እንዳሉ ካየ ምን ማድረግ አለበት?  የሰማውን ጩኸት፣ ያየውን ነበልባልና ጭስ፣ እና የሰዎችን ምላሽ አብራርተህ ምላሽህን አቅርብ።,በፍጥነት እና በደህንነት ከአደጋው ቦታ መራቅ አስፈላጊ ነው። ቦምብ ፍንዳታ ሊከሰት እንደሚችል የሚያሳዩ ምልክቶች ስላሉ (ከፍተኛ ድምፅ፣ እሳት፣ ጭስ እና እየሮጡ ያሉ ሰዎች) በአቅራቢያ መቆየት አደገኛ ነው። በአስቸኳይ ከአደጋው ቦታ መራቅ ህይወትን ከአደጋ ያድናል።  በአቅራቢያ ያሉ ሰዎችንም ማስጠንቀቅ አስፈላጊ ነው።,
አንድ ሰው በአንድ ሕንፃ ውስጥ እያለ በድንገት የቦምብ ፍንዳታ አደጋ እንደተከሰተ ሰምቶ ምን ማድረግ አለበት?  በተለይም ሕንፃው እንደተንቀጠቀጠ፣ እንደተሰነጠቀ እና በዙሪያው ሰዎች እየጮሁ እና እየሮጡ እንደሆነ ካወቀ ምን ዓይነት እርምጃ መውሰድ እንዳለበት በዝርዝር ይግለጹ።,በቦምብ ፍንዳታ አደጋ ወቅት በጣም አስፈላጊው ነገር የአደጋ ጊዜ እቅድ ማውጣት እና ከአካባቢው በአስተማማኝ መንገድ መውጣት ነው። ሕንፃው እየተንቀጠቀጠ እና እየፈራረሰ ከሆነ፣ በቅርብ ያለውን ደህንነቱ የተጠበቀ መውጫ በመፈለግ በተረጋጋ ሁኔታ እና በፍጥነት ከሕንፃው መውጣት አስፈላጊ ነው። ከሌሎች ሰዎች ጋር በመተባበር እና እርስ በርስ እርዳታ በመስጠት አደጋውን በትንሹ ማቃለል ይቻላል። በመውጣት ላይ እንቅፋት ቢገጥም በአቅራቢያ ያሉ ደህንነቱ የተጠበቁ ቦታዎችን መፈለግ አስፈላጊ ነው።,
አንድ ትልቅ ቦምብ ፍንዳታ በደረሰበት አካባቢ በርካታ ሰዎች በአካል ጉዳት እና በስነ-ልቦና ጭንቀት ተጎድተዋል። አንዳንዶቹ ከፍተኛ ደም መፍሰስ ያለባቸው ሲሆን ሌሎች ደግሞ በአካል ጉዳት ምክንያት መንቀሳቀስ አይችሉም።  አካባቢውም ለተጨማሪ አደጋ ተጋላጭ ነው። በዚህ ሁኔታ ለተጎዱት ሰዎች ምን አይነት ወቅታዊ እና አስፈላጊ እርዳታ መስጠት አለብን?  ምላሾትን በዝርዝር እና በተከታታይ ደረጃ በመግለጽ ያብራሩ።,በቦምብ ፍንዳታ ምክንያት ለተጎዱ ሰዎች ፈጣን እና ውጤታማ እርዳታ መስጠት አስፈላጊ ነው።  ይህም በመጀመሪያ ደረጃ አደጋው ያለበትን አካባቢ ማረጋጋት፣ በአካል ጉዳት ደረጃ ላይ በመመስረት ተጎጂዎችን ማስተናገድ፣ ለሕይወት አስፈላጊ የሆነ እንክብካቤ (እንደ ደም መፍሰስን ማቆም፣ የመተንፈስ ችግርን ማከም) መስጠት እና ከአደጋ አካባቢ ወደ ደህንነቱ የተጠበቀ ቦታ ማዛወርን ያካትታል። በተጨማሪም የስነ-ልቦና ድጋፍ መስጠትም አስፈላጊ ነው።,
አንድ ሰው በአዲስ አበባ ከተማ በአንድ ቦምብ ፍንዳታ አካባቢ ይኖር ነበር። ፍንዳታው ከተከሰተ በኋላ በአካባቢው ያለው አቧራ እና ፍርስራሽ ተበታትኖ ነበር፣ እና ሰውየው ትንሽ ቁስል ደርሶበታል።  በፍንዳታው አካባቢ ብዙ ሰዎች በድንጋጤ ውስጥ ናቸው፣ እና አንዳንዶች ከፍተኛ ጉዳት ደርሶባቸዋል። ሰውየው ምን አይነት መመሪያዎችን መከተል አለበት? ምን አይነት ድርጊቶች ደህንነቱ የተጠበቀ ናቸው? በዚህ አስቸጋሪ ሁኔታ ውስጥ ደህንነቱን ለመጠበቅ ምን ማድረግ አለበት?,በቦምብ ፍንዳታ ወቅት እና በኋላ ደህንነትን ለማረጋገጥ የአካባቢውና የክልል ባለስልጣናት የሚሰጡትን መመሪያዎች መከተል አስፈላጊ ነው። እነዚህ መመሪያዎች አካባቢውን ለቀው እንዲወጡ፣ ወደ ደህንነት ቦታ እንዲሄዱ፣ የሕክምና እርዳታ እንዲፈልጉ እና ሌሎች አስፈላጊ መረጃዎችን ሊያካትቱ ይችላሉ። የራሳቸውን መመሪያዎች ወይም የጓደኞቻቸውን መከተል ደህንነታቸውን አደጋ ላይ ሊጥል ይችላል ምክንያቱም ባለሙያዎች የተዘጋጁ መመሪያዎች አይደሉም።,
አንድ 25 ዓመት ሴት ህመምተኛ በኢንፍሉዌንዛ ወረርሽኝ አካባቢ ትኖር ነበር እናም ለሶስት ቀናት ከፍተኛ ትኩሳት (39.5 ዲግሪ ሴልሺየስ)፣ ደረቅ ሳል፣ እና ከባድ የጡንቻ ህመም አጋጥሟታል። እንዲሁም ራስ ምታት እና ከባድ ድካም እያጋጠማት ነው። በአካላዊ ምርመራዋ ላይ የአፍንጫ ፍሳሽ እና አንዳንድ ሃይፖክሲሚያ ታይቷል። በዚህ ሁኔታ ምን ተጨማሪ ምልክቶች ሊጠበቁ ይችላሉ?  የተሟላ የሕክምና ታሪክ ወይም የላብራቶሪ ምርመራ ውጤቶች አያስፈልጉም።,በኢንፍሉዌንዛ ምክንያት የሚከሰቱ ተጨማሪ ምልክቶች አፍንጫ መታፈን እና ማስታወክ ሊሆኑ ይችላሉ።  እነዚህ ምልክቶች የኢንፍሉዌንዛ ቫይረስ የላይኛው የመተንፈሻ ቱቦን እና የጨጓራና ትራክትን የመጉዳት አቅምን ያንፀባርቃሉ።  በተለይም በልጆችና በወጣቶች ላይ በተደጋጋሚ የሚታዩ ምልክቶች ናቸው። በአዋቂዎች ላይ ደግሞ እንደ አንድ ተጨማሪ ምልክት ሊታይ ይችላል።,
አንዲት 25 ዓመት ሴት በድንገት ትኩሳት (38.5 ዲግሪ ሴልሺየስ)፣ ደረቅ ሳል፣ የጉሮሮ ህመም እና እስከ ስምንት ጊዜ የሚደርስ ተቅማጥ አጋጥሟታል።  ይህ ሁሉ ከአንድ ቀን በፊት ጀምሯል። የአፍንጫ ፍሳሽ እና ራስ ምታትም አለባት። ታካሚዋ ምንም አይነት ሥር የሰደደ በሽታ የላትም። በአካላዊ ምርመራ ፣ በጉሮሮዋ ውስጥ ትንሽ መቅላት ታይቷል እና የልብ ምትዋ እና የመተንፈስዋ ፍጥነት ከፍተኛ ነው። ምንም ሌላ አካላዊ ምልክት አልታየም። በዚህ ሁኔታ ምን ዓይነት የሕክምና ምክር መስጠት አለቦት?  ,በዚህ ሁኔታ ታካሚዋ በቤት ውስጥ መቆየት እና ከሌሎች ጋር ያላትን ግንኙነት መቀነስ አለባት። ምልክቶቹ የኢንፍሉዌንዛ በሽታን ያመለክታሉ። እንደ ብዙ ፈሳሽ መጠጣት፣ እረፍት ማድረግ እና ህመሙን ለማስታገስ መድሃኒት መውሰድ ያሉ የድጋፍ እንክብካቤ እርምጃዎችን መውሰድ አለባት።  ፀረ-ባክቴሪያ መድኃኒቶች ለቫይረስ ኢንፌክሽኖች ውጤታማ አይደሉም። ወደ ሆስፒታል መሄድ አስፈላጊ አይደለም ካልሆነ በስተቀር ምልክቶቹ ከባድ ከሆኑ ወይም እየተባባሱ ከሆነ።,
አንድ 25 ዓመት ሴት በከፍተኛ ትኩሳት፣ በደረቅ ሳል፣ በጡንቻ ህመም እና በአጠቃላይ ድካም ወደ ክሊኒኩ መጥታለች። በቅርቡ ከአንድ ሰው ጋር በተመሳሳይ ክፍል ውስጥ ለብዙ ሰዓታት አብራ ቆይታለች እና ያ ሰው ከፍተኛ ትኩሳትና ሳል እንደነበረባት ትናገራለች። በክሊኒኩ ውስጥ በተደረገ ፈጣን ምርመራ ኢንፍሉዌንዛ እንደመያዟ ተረጋግጧል። በተለምዶ ኢንፍሉዌንዛ ቫይረስ በላዩ ላይ ከተነካካ ቦታ ላይ ለምን ያህል ሰአት ይቆያል? ምክንያቱንም በጥንቃቄ ግለጽ።,ኢንፍሉዌንዛ ቫይረስ በላዩ ላይ ከተነካካ ቦታ ላይ ለ 4 ሰአታት ያህል ይቆያል።  ይህ ማለት ቫይረሱ በተበከለ ቦታ ላይ ለ 4 ሰአታት ያህል ተላላፊ ሆኖ ሊቀጥል ይችላል ማለት ነው።  በዚህ ጊዜ ውስጥ ቫይረሱ በሰው አካል ላይ ሊተላለፍ ይችላል።  ስለሆነም በተበከለ ቦታ ላይ ከተነካካ በኋላ እጅን በደንብ መታጠብ እና ንፅህናን መጠበቅ በጣም አስፈላጊ ነው።,
አንዲት 25 ዓመት ሴት በድንገት ከፍተኛ ትኩሳት፣ ራስ ምታት፣ አካል ህመም እና ደረቅ ሳል አጋጥሟት ነበር። ምልክቶቿ ከተጀመሩ ከሁለት ቀን በኋላ በተመሳሳይ ቢሮ ውስጥ ከምትሰራ ባልደረባዋ ጋር ተመሳሳይ ምልክቶች እንዳሉ ተረዳች። ባልደረባዋ ከአንድ ቀን በፊት ከከባድ ጉንፋን ጋር ተመሳሳይ ምልክቶች ያለባት ልጇን እንደጎበኘች ነግራታለች። በአጠቃላይ ምርመራ ላይ የአተነፋፈስ ድምፆች ተደምጠዋል ነገር ግን ሌሎች ያልተለመዱ ምልክቶች አልታዩም። ይህች ሴት የምትሰቃየው በምን ዓይነት በሽታ ነው እና ይህ በሽታ እንዴት ይሰራጫል?,ሴትየዋ በኢንፍሉዌንዛ (ጉንፋን) ትሰቃያለች። ኢንፍሉዌንዛ በአየር ወለድ ነጠብጣብ (በአየር ውስጥ በመንፈስ መተንፈስ) እና በአፍንጫ፣ በአይን ወይም በአፍ በኩል ባለው ንክኪ ይሰራጫል። በሽተኛው በሚያስነጥስ ወይም በሚያስል ጊዜ ከአፍና ከአፍንጫ በሚወጡ ትናንሽ ፈሳሾች ውስጥ ያለው ቫይረስ በአየር ውስጥ ይንሳፈፋል። ሌላው ቀላል የመተላለፍ መንገድ ደግሞ በሽተኛው ያነካውን ገጽ በመንካት ከዚያም አፍንጫ፣ አይን ወይም አፍን በመንካት ነው። ይህ ምሳሌ በቢሮ ውስጥ ከባልደረባዋ እና ከልጇ ጋር ያለውን ቅርበት ያሳያል።,
አንዲት 25 ዓመት ሴት በከፍተኛ ትኩሳት፣ ራስ ምታት፣ ጡንቻ ህመም እና ደረቅ ሳል ታማኝ ሆና ቀርባለች።  ታካሚው በቅርብ ጊዜ በኢንፍሉዌንዛ ወረርሽኝ በተጠቃ አካባቢ ትኖር ነበር እናም በቅርቡ በብዙ ሰዎች በተሰበሰበበት ስብሰባ ላይ ተገኝታለች። በዚህ ወቅት እጅዋን አልታጠበችም እናም በሽታው ያለባቸውን ሰዎች እንደለየች አትናገርም። ታካሚው በኢንፍሉዌንዛ እንዳይያዙ ለመከላከል ምን ተጨማሪ እርምጃዎችን መውሰድ እንደሚችሉ በዝርዝር ይግለጹ።,ታካሚው በኢንፍሉዌንዛ እንዳይያዙ ለመከላከል በተደጋጋሚ እጅን በሳሙና እና በውሃ በደንብ መታጠብ አለባት። በተጨማሪም በሽታው ያለባቸውን ሰዎች ማስወገድ እና በተቻለ መጠን ከህዝብ ጋር ያላትን ግንኙነት መቀነስ አለባት። አፍንጫዋን እና አፏን በቲሹ በመሸፈን ሳል ወይም አስነጥስ ማድረግ እና ከዚያም ቲሹውን በደንብ ማስወገድ አለባት።  በተጨማሪም በቂ እረፍት እና ፈሳሽ መውሰድ እንዲሁም በዶክተሯ ምክር መሰረት አስፈላጊ ከሆነ ህክምናን መቀበል አለባት።,
አንዲት 25 ዓመት ሴት በድንገት ከፍተኛ ትኩሳት፣ ደረቅ ሳል፣ እና የጉሮሮ ህመም አጋጥሟት ነበር።  በተጨማሪም ከፍተኛ ድካም እና ጡንቻ ህመም እያጋጠማት ነው።  ከዚህ በፊት ምንም አይነት ከባድ ህመም አልነበራትም።  በአካላዊ ምርመራ ትኩሳት (39°ሴ) እና ትንሽ የጉሮሮ እብጠት ተገኝቷል።  የደም ምርመራ እንደሚያሳየው የነጭ ደም ሕዋሳት ብዛት ጨምሯል። በዚህች ታካሚ ላይ የሚታዩትን ዋና ዋና የኢንፍሉዌንዛ ምልክቶችን በዝርዝር ይዘርዝሩ።,በዚህች ታካሚ ላይ የሚታዩት ዋና ዋና የኢንፍሉዌንዛ ምልክቶች ከፍተኛ ትኩሳት፣ ደረቅ ሳል፣ የጉሮሮ ህመም እና ከፍተኛ ድካም ናቸው።  እነዚህ ምልክቶች ከኢንፍሉዌንዛ ቫይረስ ኢንፌክሽን ጋር የተዛመዱ ሲሆን በታካሚው አካላዊ ምርመራ እና የላቦራቶሪ ውጤቶች ላይ የተመሰረቱ ናቸው።  ከፍተኛ ትኩሳት እና የነጭ ደም ሕዋሳት ብዛት መጨመር የቫይራል ኢንፌክሽንን ያመለክታሉ።,
አንዲት 25 ዓመት ሴት በኢንፍሉዌንዛ ወረርሽኝ ወቅት ከፍተኛ ትኩሳት፣ ራስ ምታት፣ እና የጡንቻ ህመም እያጋጠማት ነው።  በቤት ውስጥ በሽታው እንዳይዛመት ለመከላከል እና ምልክቶቿን ለማስታገስ ምን ዓይነት አስፈላጊ ቁሳቁሶች በቤት ውስጥ ሊኖሩ ይገባል?  የእሷ መሰረታዊ የጤና ሁኔታ መደበኛ ነው።,በኢንፍሉዌንዛ ወረርሽኝ ወቅት በቤት ውስጥ ቴርሞሜትር፣ ማስክ፣ እጅ ማጽጃ እና ሶፍት መኖር አስፈላጊ ነው።  ቴርሞሜትሩ ትኩሳቱን ለመለካት፣ ማስኩ በሽታው እንዳይዛመት ለመከላከል፣ እጅ ማጽጃው እጆችን ለማጽዳት፣ እና ሶፍቱ ደግሞ ትንፋሹን ለማረጋጋት ይረዳል።  እነዚህ ቁሳቁሶች በሽታውን ለመከላከል እና ምልክቶቹን ለማስታገስ ይረዳሉ።,
አንድ ሰው በኑክሌር ወይም በጨረር አደጋ ወቅት ከፍንዳታ ቦታ አቅራቢያ ቢገኝ፣ እና ከፍተኛ መጠን ያለው ጨረር እና ብርሃን እየተለቀቀ እንደሆነ ቢያውቅ፣ ደህንነቱ የተጠበቀ ቦታ ለመድረስ ምን አይነት እርምጃ መውሰድ አለበት?  የንፋስ አቅጣጫ መለየት ከቻለስ ምን ማድረግ አለበት?  እንዲሁም መኪና ካለው በአስተማማኝ መንገድ እንዴት ሊጠቀምበት ይችላል?,በኑክሌር ወይም በጨረር አደጋ ወቅት ከፍንዳታ ቦታ አቅራቢያ ከተገኘ ሰውየው ከጨረር መውጣት በመፈለግ ንፋሱ ከሚነፍስበት ተቃራኒ አቅጣጫ መሄድ አለበት። ይህም አደገኛ ንጥረ ነገሮችን ከሰውነቱ ለማራቅ ይረዳል። መኪና ካለው መስኮቶችን በመዝጋት እየነዳ መራቅ አለበት። ይህም ከጨረር ተጋላጭነቱን ይቀንሰዋል። በአጭሩ ከፍንዳታው ቦታ በተቻለ ፍጥነት እና በደህንነት መራቅ አስፈላጊ ነው።,
አንድ 45 ዓመት አካባቢ ወንድ በኑክሌር ኃይል ማመንጫ አቅራቢያ በሚገኝ ቤት ውስጥ ይኖራል። በድንገት ከኃይል ማመንጫው የሚመጣ ትልቅ ፍንዳታ ሰምቶ ከፍተኛ መጠን ያለው ጨረር እንደወጣ ተነግሮታል። ቤቱ ከፍንዳታው ቦታ በተወሰነ ርቀት ላይ ቢሆንም አሁንም በጨረራው ተጽዕኖ ሥር እንደሚገኝ ተነግሮታል። ሰውየው በዚህ ሁኔታ ውስጥ ራሱን ከጨረራው ጉዳት ለመከላከል ምን ተግባራትን ማከናወን ይኖርበታል?  በተለይም ጨረራው ወደ ቤት ውስጥ እንዳይገባ እና ከሰውነቱ ላይ እንዳይጣበቅ ምን ማድረግ ይችላል?,ሰውየው በመጀመሪያ ማሞቂያዎችን፣ አየር ማቀዝቀዣዎችን እና አድናቂዎችን ማጥፋት አለበት። ከዚያም መስኮቶችንና በሮችን በጥንቃቄ መዝጋት ይኖርበታል። ከዚህ በኋላ ለብሶትን ልብስ በጥንቃቄ አውልቆ በፕላስቲክ ከረጢት ውስጥ ማስቀመጥ አለበት።  ይህ በመኖሪያ ቤቱ ውስጥ ያለውን የጨረር መጠን ለመቀነስ እና ጨረሩ ወደ ሰውነት እንዳይገባ ለመከላከል ይረዳል። በተጨማሪም በቤቱ ውስጥ በተቻለ መጠን እንቅስቃሴን መቀነስ እና ከቤት ውጭ መውጣትን ማስወገድ አስፈላጊ ነው።,
አንዲት 45 ዓመት የሆናት ሴት በኑክሌር አደጋ ወቅት ከቤት ውጭ ተይዛለች።  ከአደጋው በኋላ ማቅለሽለሽ፣ ማስታወክ እና ራስ ምታት አጋጥሟታል። በአካባቢው ከፍተኛ መጠን ያለው ጨረር እንዳለ ይታወቃል። ሴትዮዋ ለመጠለል ምን ዓይነት መጠለያ መፈለግ አለባት?  ምርጫዋን በመግለፅ ምክንያቱንም ያብራሩ።,ሴትዮዋ ከመሬት በታች ያለ መጠለያ ወይም ከባድ ግድግዳና ብረት ያለው መጠለያ መፈለግ አለባት። ይህ በመሬት ላይ ካሉ ሕንፃዎች በተሻለ ሁኔታ ከጨረር ይከላከላል።  ከፍተኛ መጠን ያለው ጨረር በአካባቢው ስላለ በተቻለ መጠን ብዙ መከላከያ ያላቸውን ቦታዎች መፈለግ አስፈላጊ ነው። ቀጭን ግድግዳ ያላቸው ሕንፃዎች ወይም ክፍት ቦታዎች በቂ ጥበቃ አይሰጡም። ከፍ ያሉ ሕንፃዎችም በጨረር ተጋላጭ ናቸው።,
አንድ 35 ዓመት ወንድ በአንድ ትልቅ የኑክሌር ኃይል ማመንጫ ጣቢያ አቅራቢያ ይሠራል። አንድ ቀን አንድ ትልቅ ፍንዳታ ሰምቶ ከፍተኛ መጠን ያለው ጨረር እንደተለቀቀ ተሰምቶታል። በፍንዳታው ቦታ አቅራቢያ ቆሞ ነበር እናም በሰውነቱ ላይ በተለይም በልብሱ ላይ የተለቀቀውን ጨረር እንደተጋለጠ ይሰማዋል። ሰውየው ከአደጋው በኋላ ምን አይነት ወዲያውኑ እርምጃዎችን መውሰድ አለበት? ከዚህ በተጨማሪ ከአደጋው በኋላ ለራሱ ደህንነት ምን አይነት እርምጃዎችን መውሰድ ይችላል?,በኑክሌር ወይም በጨረር አደጋ ወቅት ከተጋለጡ በኋላ ወዲያውኑ ልብሱን አውልቆ ገላውን በውሃ እና በሳሙና በደንብ ማጠብ አለበት። ከዚያም ንጹህ ልብስ መቀየር እና በቴሌቪዥን፣ ሬዲዮ፣ ማህበራዊ ሚዲያ ወይም በኢንተርኔት የሚሰጡ መግለጫዎችን በመከታተል ከአደጋው ጋር ተያይዘው የሚሰጡ መመሪያዎችን መከተል አለበት።  ይህም ከጨረር መጋለጥ ጋር የተያያዙ ተጨማሪ ጉዳቶችን ለመቀነስ እና ተገቢውን የሕክምና እርዳታ ለማግኘት ይረዳል። ከፍተኛ መጠን ያለው ጨረር መጋለጥ ከባድ ጉዳት ሊያስከትል ስለሚችል ወዲያውኑ እርምጃ መውሰድ በጣም አስፈላጊ ነው።,
አንድ ከፍተኛ መጠን ያለው ራዲዮአክቲቭ ንጥረ ነገር በአንድ ፋብሪካ ውስጥ እንደፈሰሰ ተሰምቷል። አካባቢው በከፍተኛ ደረጃ ተበክሏል ተብሎ ይጠረጠራል። በአቅራቢያው በሚገኝ ትምህርት ቤት ውስጥ የሚማሩ ህጻናት እና አስተማሪዎች በቤታቸው ለመቆየት ወይም ወደ ውጭ ለመውጣት ምን መመሪያ መከተል አለባቸው?  የጤና ባለስልጣናት ምን እስኪሉ ድረስ ምን ማድረግ አለባቸው?,በኑክሌር ወይም በጨረር አደጋ ወቅት እንደ አካባቢው ደህንነት እስኪረጋገጥ ድረስ በቤት ውስጥ መቆየት አለባቸው። የጤና ባለስልጣናት አደጋው እንደተወገደ እና አካባቢው ደህንነቱ የተጠበቀ መሆኑን እስኪገልጹ ድረስ ወደ ውጭ መውጣት አደገኛ ነው። ይህም ከተጨማሪ መጋለጥ እና ከጤና ችግሮች ለመከላከል ነው።  የጤና ባለስልጣናት መመሪያዎችን በጥንቃቄ መከተል አስፈላጊ ነው።,
አንዲት 35 ዓመት ሴት በኑክሌር ኃይል ማመንጫ አቅራቢያ ትሰራለች። በድንገተኛ አደጋ ምክንያት ከፍተኛ መጠን ያለው ጨረር ተጋላጭ ሆናለች። ከአደጋው በኋላ ማቅለሽለሽ፣ ማስታወክ፣ ራስ ምታት እና ድካም አጋጥሟታል። በቆዳዋ ላይ ደማቅ ቀይ ነጠብጣቦች ታይተዋል። ከአደጋው በኋላ ምን ማድረግ አለባት?,ከህክምና ባለሙያ እርዳታ መጠየቅ አለባት።  ሴትየዋ ከፍተኛ መጠን ያለው ጨረር ተጋላጭ ስለሆነች እና ከባድ የጨረር ሕመም ምልክቶች እያሳየች ስለሆነች ወዲያውኑ ከህክምና ባለሙያ እርዳታ መጠየቅ አስፈላጊ ነው። ይህም ወቅታዊ ምርመራ፣ ህክምና እና ድጋፍ ለማግኘት ይረዳታል። በቤት መቆየት ወይም ወደ አደጋው ቦታ መመለስ አደገኛ ነው።,
አንድ 35 ዓመት ሴት በኑክሌር ኃይል ማመንጫ አቅራቢያ በሚገኝ ፋብሪካ ውስጥ ትሰራለች። በድንገት በተፈጠረ አደጋ ምክንያት ከፍተኛ ብርሃን፣ ሙቀት እና ያልታወቀ ጨረር ተጋልጣለች።  በአደጋው ወቅት በእይታዋ ላይ ችግር አጋጥሟታል፤ በኋላም ማቅለሽለሽ፣ ማስታወክ፣ ራስ ምታት እና ከፍተኛ ድካም አጋጥሟታል። በተጨማሪም ቆዳዋ ላይ ቀይ ነጠብጣቦች ታይተዋል። በዚህ አደጋ ምክንያት ምን ዓይነት አደጋዎች እንደተፈጠሩ በዝርዝር ገልጽ።,የኑክሌር ወይም የጨረር አደጋ ከፍተኛ አደጋ ነው። በዚህ ሁኔታ፣ እይታን የሚያጠፋ ብርሃን፣ እሳት እና አደገኛ ጨረር ተጋላጭነት ተፈጥሯል።  ይህ ደግሞ በተጎጂው ላይ ማቅለሽለሽ፣ ማስታወክ፣ ራስ ምታት፣ ድካም እና የቆዳ መቅላትን ጨምሮ በርካታ ምልክቶችን አስከትሏል።  እነዚህ ምልክቶች የጨረር መጋለጥ ከባድ ውጤቶች ናቸው። በተጨማሪም ረዘም ላለ ጊዜ የጤና ችግሮች ሊፈጥር ይችላል።,
አንድ ታካሚ ከፍተኛ ትኩሳት (39.5°C)፣ ደረቅ እና አንዳንዴም በደም የተቀላቀለ ሳል፣ የጉሮሮ መድረቅ እና በሰውነት ጡንቻዎች ላይ ከፍተኛ ህመም አለበት።  እነዚህ ምልክቶች ከጀመሩ ከሶስት ቀናት በፊት ታካሚው ከኢንፍሉዌንዛ በሽታ የተያዙ ሰዎች በብዛት በሚገኙበት ቦታ ላይ ቆይቷል።  በተጨማሪም በደረቅ ሳል ምክንያት እንቅልፍ ማጣት እና ድካም ይሰማዋል። ከላይ በተጠቀሱት ምልክቶች እና ታሪክ መሰረት፣ ታካሚው በምን አይነት በሽታ ሊጠቃ ይችላል?  ትክክለኛ ምርመራ ለማድረግ ምን ዓይነት ተጨማሪ መረጃ ያስፈልጋል? ,በተሰጠው መረጃ መሰረት፣ ታካሚው በኢንፍሉዌንዛ (influenza) ሊጠቃ ይችላል። ከፍተኛ ትኩሳት፣ ደረቅ ሳል፣ የጉሮሮ መድረቅ እና የጡንቻ ህመም በኢንፍሉዌንዛ ውስጥ የሚታዩ የተለመዱ ምልክቶች ናቸው። ታካሚው ከኢንፍሉዌንዛ በሽታ የተያዙ ሰዎች በብዛት በሚገኙበት ቦታ ላይ መገኘቱም በሽታውን የመያዝ እድልን ይጨምራል። ሆኖም ትክክለኛ ምርመራ ለማድረግ የላቦራቶሪ ምርመራ (እንደ ራፒድ ኢንፍሉዌንዛ ምርመራ) ያስፈልጋል።,
በኢንፍሉዌንዛ ወረርሽኝ ወቅት አንዲት 35 ዓመት ሴት ከፍተኛ ትኩሳት፣ ከባድ ራስ ምታት፣ እና የጡንቻ ህመም አሳይታለች። የአፍንጫ ፍሳሽ እና ሳል አላት። የደም ምርመራዋ ሉኪዮሳይትስ መጨመርን አሳይቷል።  የእሷ የሕክምና ታሪክ ጤናማ መሆኗን ያሳያል። በዚህ ሁኔታ ውስጥ ለከባድ የኢንፍሉዌንዛ ችግሮች ተጋላጭነቷን ሊያብራራ የሚችለው ምንድን ነው? ምልክቶቿን እና የሕክምና ታሪኳን በመጥቀስ ዝርዝር ማብራሪያ ይስጡ።,በዚህ ሁኔታ ውስጥ ለከባድ የኢንፍሉዌንዛ ችግሮች ተጋላጭነት ያለው ምክንያት የእሷ ዕድሜ ነው። ምንም እንኳን ጤናማ ቢሆንም ፣ በወረርሽኝ ወቅት እንኳን ጤናማ አዋቂዎች በከባድ የኢንፍሉዌንዛ ችግሮች ሊጠቁ ይችላሉ። ከፍተኛ ትኩሳት፣ ከባድ ራስ ምታት፣ እና የጡንቻ ህመም ያሉ ምልክቶች እና ከፍተኛ ሉኪዮሳይትስ መጨመር የኢንፍሉዌንዛ ኢንፌክሽን መኖሩን ያሳያሉ። ዕድሜዋ ከባድ ችግሮች እንዲፈጠሩ አስተዋጽኦ ሊያደርግ ይችላል።,
አንዲት 28 ዓመት ሴት በኢንፍሉዌንዛ ወረርሽኝ ወቅት ከፍተኛ ትኩሳት (39.5°ሴ)፣ ደረቅ ሳል፣ የአፍንጫ ፍሳሽ፣ ማቅለሽለሽ እና ተቅማጥ እያጋጠማት ነው።  የአካል ምርመራዋ ታክካርዲያ (110ቢቢኤም) እና ትንሽ ሃይፖቴንሽን (90/60 mmHg) አሳይቷል።  በደም ምርመራ ከፍተኛ ነጭ ደም ሴል ብዛት ተገኝቷል። በዚህ ታካሚ ላይ የተገኙት ማቅለሽለሽና ተቅማጥ ከኢንፍሉዌንዛ ጋር የተያያዙ ምልክቶች ናቸው ወይስ አይደሉም?  ምክንያቱንም በዝርዝር ግለጽ።,አዎ፣ በዚህ ታካሚ ላይ የተገኙት ማቅለሽለሽና ተቅማጥ ከኢንፍሉዌንዛ ጋር የተያያዙ ምልክቶች ሊሆኑ ይችላሉ። ምንም እንኳን ትኩሳት፣ ሳል እና የአፍንጫ መታፈን የኢንፍሉዌንዛ በጣም የተለመዱ ምልክቶች ቢሆኑም፣ ማቅለሽለሽ እና ተቅማጥ በተለይም በልጆች እና በወጣቶች ላይ በተደጋጋሚ ይታያሉ።  በዚህ ታካሚ ላይ የተገኙት ሌሎች ምልክቶች እና የላብራቶሪ ውጤቶች የኢንፍሉዌንዛ ኢንፌክሽንን ያመለክታሉ።  ስለዚህ ማቅለሽለሽ እና ተቅማጥ እንደ ኢንፍሉዌንዛ ተጨማሪ ምልክቶች ሊቆጠሩ ይችላሉ።,
በአንድ ትልቅ ከተማ ውስጥ በድንገት የተከሰተ እና በፍጥነት የተስፋፋ የኢንፍሉዌንዛ ወረርሽኝ ተከስቷል። በወረርሽኙ መጀመሪያ ላይ ከፍተኛ ቁጥር ያላቸው ሰዎች በከፍተኛ ትኩሳት፣ ደረቅ ሳል፣ የጡንቻ ህመም እና ድካም ታመዋል። የሕክምና ባለሙያዎች አዲስ የኢንፍሉዌንዛ ክትባት ለማዘጋጀት እቅድ አውጥተዋል።  በዚህ ሁኔታ ውስጥ አዲስ እና ውጤታማ የኢንፍሉዌንዛ ክትባት ለማምረት እና ለህዝብ አገልግሎት ለማቅረብ ምን ያህል ጊዜ ይፈልጋሉ?  የክትባቱን ደህንነት እና ውጤታማነት ለማረጋገጥ ሙሉ የክሊኒካዊ ሙከራዎች መከናወን አለባቸው።,አዲስ እና ውጤታማ የኢንፍሉዌንዛ ክትባት ለማምረት እና ለህዝብ አገልግሎት ለማቅረብ በግምት ስድስት ወራት ይፈልጋል።  ይህ ጊዜ አዲስ ክትባት ለማዘጋጀት፣  የላብራቶሪ ምርመራዎችን ለማካሄድ፣  የደህንነት እና የውጤታማነት ሙከራዎችን ለማከናወን እና በቂ መጠን ያለው ክትባት ለማምረት ይሰጣል። በፍጥነት ለመስራት ቢሞክሩም እንኳን ከስድስት ወራት በታች አይፈልግም።,
በአንድ ትምህርት ቤት ውስጥ በርካታ ተማሪዎች ትኩሳት፣ ሳል እና ራስ ምታት በማሳየት በኢንፍሉዌንዛ ተጠቅተዋል። በሽታው እንዳይዛመት ለመከላከል ትምህርት ቤቱ ምን ተግባራዊ እርምጃዎችን መውሰድ አለበት?  በተለይም በሽታውን ለመከላከል ምን ዓይነት ቀላል እና ውጤታማ የንጽህና ልማዶችን ማስተማር አለበት?,ትምህርት ቤቱ ኢንፍሉዌንዛን ለመከላከል በተደጋጋሚ እጅን በሳሙና እና በውሃ ማጠብ ወይም አልኮል ላይ የተመሰረቱ የእጅ ማጽጃዎችን መጠቀምን ማበረታታት አለበት። ይህም በቫይረሱ ​​የተበከሉ ንጣፎችን ከመንካት በኋላ በእጃቸው ላይ ያሉትን ቫይረሶች ለማስወገድ ይረዳል። ተማሪዎች እንዲሁም ሳል እና ተቅማጥ ሲያደርጉ አፍና አፍንጫቸውን መሸፈን እና በሽታ ላለባቸው ሰዎች ቅርበትን መቀነስ አለባቸው።,
አንዲት 25 ዓመት ሴት በድንገት ከፍተኛ ትኩሳት፣ ደረቅ ሳል፣ እና የጉሮሮ መድረቅ እያጋጠማት ነው።  ከዚህ በተጨማሪም ከባድ የአፍንጫ መታፈን እና አጠቃላይ የሰውነት ድክመት ይሰማታል። በቅርቡ በኢንፍሉዌንዛ ወረርሽኝ በተጠቃ አካባቢ ትኖር ነበር። የሕመም ታሪኳ እና የምርመራ ውጤቶቿ ምንም አይነት ሌላ በሽታ እንደማትይዝ ያመላክታሉ።  በዚህች ታካሚ ላይ የሚታዩትን ዋና ዋና የኢንፍሉዌንዛ ምልክቶችን በዝርዝር ይዘርዝሩ።,በዚህች ታካሚ ላይ የሚታዩት ዋና ዋና የኢንፍሉዌንዛ ምልክቶች ትኩሳት፣ ደረቅ ሳል፣ የጉሮሮ መድረቅ እና የአፍንጫ መታፈን ናቸው።  እነዚህ ምልክቶች ከኢንፍሉዌንዛ ቫይረስ ኢንፌክሽን ጋር የተዛመዱ በጣም የተለመዱ ምልክቶች ናቸው።  የሰውነት ድክመትም በኢንፍሉዌንዛ ወቅት ሊታይ የሚችል የተለመደ ምልክት ነው። በዚህ ሁኔታ ውስጥ የተገለጹት ሌሎች ምልክቶች የኢንፍሉዌንዛ ምልክቶችን ያጠናክራሉ።,
በአንድ ትልቅ ከተማ ሆስፒታል ውስጥ በኢንፍሉዌንዛ ወረርሺኝ ወቅት በመጀመሪያዎቹ ሁለት ሳምንታት ውስጥ ለክትባት በቂ ክትባት አቅርቦት እንደነበረ ወይም እንዳልነበረ በዝርዝር አብራራ። በዚህ ወቅት ከፍተኛ ቁጥር ያላቸው ታማሚዎች በኢንፍሉዌንዛ ምልክቶች ወደ ሆስፒታሉ ይመጡ ነበር፤ በተጨማሪም በዕለት ተዕለት ክትባት አቅርቦት ላይ ችግር እንደነበረ ከሆስፒታሉ የህክምና አስተዳደር ክፍል የተገኘ መረጃ ያሳያል። በዚህ ወቅት የክትባት አቅርቦት ሁኔታ ምን ነበር?  የአቅርቦት እጥረት እንዴት ተጽዕኖ እንዳደረገ እና ሆስፒታሉ ምን ዓይነት መፍትሄዎችን እንደፈለሰፈ ተመልከት።,በኢንፍሉዌንዛ ወረርሺኝ መጀመሪያ ላይ የክትባት አቅርቦት አነስተኛ ነበር። ከፍተኛ ቁጥር ያላቸው ታማሚዎች በኢንፍሉዌንዛ ምልክቶች ምክንያት ወደ ሆስፒታሉ በመምጣታቸው እና በዕለት ተዕለት ክትባት አቅርቦት ላይ ችግር በመኖሩ ምክንያት ብዙ ሰዎች ክትባት ማግኘት አልቻሉም። ይህም በወረርሽኙ ስርጭት ላይ ከፍተኛ ተጽዕኖ አድርጓል። ሆስፒታሉ አቅርቦቱን ለማሻሻል እና ተጨማሪ ክትባቶችን ለማግኘት እርምጃዎችን ቢወስድም ፣ በመጀመሪያዎቹ ሳምንታት ውስጥ ያለው አቅርቦት አነስተኛ ሆኖ ቀጥሏል።,
